plot_id,predicted_yield_tons_per_ha
PLOT-017296,3.7863242310493312
PLOT-017259,2.5465134897593957
PLOT-016178,2.579644249693463
PLOT-018610,2.9654621043837444
PLOT-015109,2.506063583298311
PLOT-016351,2.9280296329582014
PLOT-017917,1.584818994713612
PLOT-016422,2.479301796063684
PLOT-018085,3.06852734903848
PLOT-015051,3.452502285789495
PLOT-018124,1.2432135568592912
PLOT-016442,2.599127158767077
PLOT-016032,1.9362014259923268
PLOT-016414,3.6287277983533754
PLOT-018385,3.332168720862166
PLOT-015539,6.900209842689368
PLOT-018115,4.216182797540952
PLOT-017927,2.925722088293375
PLOT-015687,3.0256349614420706
PLOT-015584,1.1573051624053043
PLOT-015219,2.235500565194853
PLOT-016803,2.4934222838316846
PLOT-015474,1.838353301132486
PLOT-017984,2.8400777285779335
PLOT-017147,2.2987342112790063
PLOT-017440,1.7957364145148644
PLOT-018208,1.9817159572648442
PLOT-016703,1.6053014654852351
PLOT-015643,1.7655355712590584
PLOT-016058,2.236733651923227
PLOT-015075,0.9542299632452061
PLOT-016661,0.9833643228301695
PLOT-018508,6.033275071048452
PLOT-017437,2.561335528244943
PLOT-017258,3.180732464915359
PLOT-017063,3.1332840009972305
PLOT-017838,3.2598489913258164
PLOT-017079,0.8388783731300988
PLOT-015569,3.9932535253886976
PLOT-016146,3.2170858935573157
PLOT-016884,5.260097185377332
PLOT-016578,0.8173061848464992
PLOT-017559,1.9092485259112884
PLOT-017720,3.22576971920752
PLOT-015369,2.260966354100198
PLOT-017876,3.6355779572535747
PLOT-017847,3.480544813326637
PLOT-017730,0.6264521636895177
PLOT-015531,1.9626100240842084
PLOT-015062,3.528020659311681
PLOT-015438,3.3775821264213546
PLOT-018698,2.8420886424877407
PLOT-016680,2.1044804264697827
PLOT-017845,3.7333724451770003
PLOT-015412,0.8112570041226032
PLOT-018488,3.8831857729653203
PLOT-015774,2.628715025676002
PLOT-017199,5.688275020965878
PLOT-018697,4.957220719170906
PLOT-016729,1.9510642900163366
PLOT-017556,0.9076829433461263
PLOT-018475,2.3086706472728773
PLOT-016568,0.9461746687553031
PLOT-017444,2.1193203365427853
PLOT-015186,5.355538568241809
PLOT-015262,3.7585095946877933
PLOT-017650,1.5121647968170473
PLOT-016963,6.252384847124679
PLOT-017561,1.031435717431233
PLOT-015259,5.5699380157286
PLOT-016841,3.0277012835730055
PLOT-015400,5.5647342320896875
PLOT-017374,3.756316264163346
PLOT-015098,4.612173326497944
PLOT-015360,2.1340149982903456
PLOT-015196,2.851877341644959
PLOT-018417,2.355003689896107
PLOT-015807,3.310747676710169
PLOT-015684,2.6241457420623027
PLOT-017498,2.3265791841313157
PLOT-017369,2.989758701935394
PLOT-017803,1.0948121093429688
PLOT-015637,2.7268814705044035
PLOT-017933,2.343109709746517
PLOT-016271,1.1805778085591012
PLOT-016297,2.7264888981539133
PLOT-016902,2.465223390377195
PLOT-016443,1.180514581822899
PLOT-016082,2.0890853980163593
PLOT-017071,3.661945814398243
PLOT-017173,2.54769777157553
PLOT-016550,3.323022748014275
PLOT-018477,3.17507177519579
PLOT-016395,3.7295645438267613
PLOT-015694,2.206700582579352
PLOT-017865,0.9835142360836575
PLOT-016675,3.2501425026109327
PLOT-015961,2.397745736219101
PLOT-016334,2.4860821546732685
PLOT-015767,3.083295676324177
PLOT-018394,2.3181471759004855
PLOT-016209,1.7282066113737133
PLOT-018458,2.705860997935131
PLOT-016268,2.8169658685832495
PLOT-017460,2.842330541422806
PLOT-017620,2.2169993655527906
PLOT-017019,1.321735557680547
PLOT-016195,5.302564957641995
PLOT-018158,2.3609698485303086
PLOT-016354,1.7123617268861624
PLOT-017348,5.47872049534361
PLOT-017165,2.986388296310226
PLOT-015433,0.9444564978076595
PLOT-018119,1.5179779102947664
PLOT-016625,2.0651383800016325
PLOT-017493,4.893907587543889
PLOT-018521,0.9438138449169196
PLOT-018018,5.687838193730055
PLOT-015445,0.8984687553932562
PLOT-017119,4.275271147231569
PLOT-016753,4.724803309446884
PLOT-015479,2.411228428370933
PLOT-018129,3.699770667167437
PLOT-018629,4.368270436491151
PLOT-015892,2.3964816410745504
PLOT-015511,2.392432265961216
PLOT-018165,2.1358613613779958
PLOT-017848,1.209233392000928
PLOT-015571,1.9629540194096036
PLOT-017061,3.5577659091405742
PLOT-015030,3.3867563086317096
PLOT-015359,1.7811466979429948
PLOT-016740,2.973764199538084
PLOT-016389,2.2785102466780445
PLOT-018489,2.1392950036749814
PLOT-017813,3.259588607235908
PLOT-016371,3.5539078053238553
PLOT-017553,2.736114706193893
PLOT-016251,1.6094681952512617
PLOT-015848,1.4709387939157985
PLOT-018369,4.242232182181775
PLOT-016905,1.6463590639603976
PLOT-015985,3.340039707580356
PLOT-018339,3.2803165646742736
PLOT-016667,2.973613036939018
PLOT-017321,3.6743698812938335
PLOT-015440,3.740291463899532
PLOT-015095,1.6868635408028436
PLOT-015414,4.5757917226195035
PLOT-017447,1.2073534835844721
PLOT-015087,3.397667110245769
PLOT-015616,2.333736756101064
PLOT-018527,1.6383092581903884
PLOT-015638,3.948561521989937
PLOT-018196,1.166744998046554
PLOT-017701,4.3400913336944384
PLOT-015651,0.8779632687080932
PLOT-016284,3.0254125582040023
PLOT-017277,4.475638077270875
PLOT-018362,2.2491036720893516
PLOT-017940,3.393885653180767
PLOT-018036,2.7469373103744457
PLOT-017892,1.2150164069849618
PLOT-015358,1.3817502712141774
PLOT-018341,5.045864509855779
PLOT-015115,4.133323570115835
PLOT-016758,0.9949261514611839
PLOT-017074,1.2505932543917038
PLOT-018714,3.2534295958309722
PLOT-015883,4.360027883232829
PLOT-017053,4.085060868040067
PLOT-015124,1.7481625290678988
PLOT-017727,2.5780818559094447
PLOT-015858,2.705556980083569
PLOT-017534,3.3985966319125356
PLOT-016114,2.361885493326582
PLOT-018558,0.9468194849000554
PLOT-015070,1.846815252680553
PLOT-017776,2.1931655926042457
PLOT-015415,1.0170450248003173
PLOT-016054,2.056644875893802
PLOT-015737,2.3881513802225163
PLOT-016136,2.04395942974939
PLOT-017466,2.5936964312828454
PLOT-016263,1.780270025736048
PLOT-016684,3.856694773322326
PLOT-016002,3.864620370021124
PLOT-015732,2.2412259830029595
PLOT-017092,1.9992304325158217
PLOT-015561,2.2955437781795753
PLOT-016611,2.3042406066953705
PLOT-018737,2.9046655265616277
PLOT-016298,2.8602096842468088
PLOT-016218,1.6977958148417047
PLOT-017167,5.96415429498266
PLOT-018161,4.02901620214397
PLOT-018476,3.1013716198417756
PLOT-017875,2.764284448129251
PLOT-015868,2.719525045122041
PLOT-017646,0.5978193785342653
PLOT-017200,1.8804816259248667
PLOT-015194,5.4068024767102685
PLOT-017095,1.3490149709819579
PLOT-016283,3.1480194632650345
PLOT-016303,2.4375808694943686
PLOT-018517,3.305777880100619
PLOT-015964,3.2746685284539225
PLOT-017386,2.7602757104162525
PLOT-016363,2.4369472073719285
PLOT-015181,2.274424184179902
PLOT-018094,3.359740094635585
PLOT-017138,2.42061816924255
PLOT-015200,1.6171436209719545
PLOT-017829,4.498173662034019
PLOT-016961,1.2319800892728259
PLOT-017908,4.0016122966818415
PLOT-016787,0.09832001352642018
PLOT-018491,3.147495091603441
PLOT-016010,4.813262015839679
PLOT-016937,4.508353288594892
PLOT-016140,2.110669396606206
PLOT-018552,2.9345138294905038
PLOT-015267,4.185313004915955
PLOT-015375,3.6254166406047674
PLOT-017888,5.1972774188056885
PLOT-015735,1.882973814201783
PLOT-015699,1.1735401721999708
PLOT-016226,1.4565921002752236
PLOT-017731,3.1203311117326296
PLOT-015370,1.505556089268072
PLOT-015512,4.003925415233431
PLOT-015729,1.0705894804361802
PLOT-018046,1.4164804608025157
PLOT-016197,1.186721104648898
PLOT-016799,2.1588584675570806
PLOT-016782,2.425356511944857
PLOT-018480,2.442539517732679
PLOT-015325,2.2840931475126043
PLOT-018661,4.3121755664033685
PLOT-018704,3.660794764615753
PLOT-016825,4.302833080020699
PLOT-016125,3.870318337917663
PLOT-016365,0.5306206679499117
PLOT-016892,3.5912667605738378
PLOT-018449,2.6472628337875195
PLOT-017066,1.2167001239743187
PLOT-015768,2.1300293057306265
PLOT-015416,3.59283648137534
PLOT-017780,0.7894676383543611
PLOT-018493,2.0953087352258755
PLOT-018003,2.202883754622618
PLOT-017549,2.994740125871777
PLOT-018739,4.612848449204451
PLOT-017926,1.999738587397417
PLOT-017827,2.4037855305551035
PLOT-018066,1.427473513198779
PLOT-017546,4.888227159633231
PLOT-016759,3.0887362691199733
PLOT-016413,3.9399780022880786
PLOT-016748,5.51987171846235
PLOT-015377,1.2394984760400063
PLOT-016015,2.370122392148135
PLOT-015546,3.0107601149519887
PLOT-015691,2.4704920428576798
PLOT-015949,3.2562022123309773
PLOT-018025,2.691089305631524
PLOT-017024,3.3603964662881745
PLOT-016559,3.3073045513234143
PLOT-017764,1.1794829925925796
PLOT-015890,1.7406529496525858
PLOT-015060,2.88109462511468
PLOT-016724,2.986844856648846
PLOT-015632,4.303508943057881
PLOT-018226,1.911707473933775
PLOT-016599,0.7474802879435689
PLOT-017810,5.987470129006372
PLOT-016695,0.5594738121162772
PLOT-016436,1.375962449666815
PLOT-018083,3.201611729186022
PLOT-016852,3.675823662588541
PLOT-018076,2.74100270310852
PLOT-017576,1.1332630864745734
PLOT-017359,2.500382468637094
PLOT-017696,2.739690994838339
PLOT-016238,5.675853203544438
PLOT-018309,2.3457295232152564
PLOT-018047,1.1345563480660297
PLOT-015746,1.1826361251654394
PLOT-015328,1.6912058905715572
PLOT-018648,2.660060363787958
PLOT-018664,2.019108864007157
PLOT-016989,3.3442331895495467
PLOT-015034,4.458037717434636
PLOT-018344,1.4063737465628836
PLOT-016784,5.134207693595388
PLOT-016686,2.7742694272002195
PLOT-016244,5.460658276824221
PLOT-015449,2.5303915744952157
PLOT-017923,2.3963266444100046
PLOT-017916,0.687353112478816
PLOT-016005,1.6488653878369435
PLOT-017699,3.5733243265503227
PLOT-015718,5.283091767438181
PLOT-016621,0.6244380228224564
PLOT-017443,2.089905806288779
PLOT-016364,0.9852500612886014
PLOT-015125,1.2836605600372832
PLOT-017639,1.6020919867004548
PLOT-017302,3.1114267861454588
PLOT-017345,8.116387525096629
PLOT-018486,3.8952877625245814
PLOT-016780,1.6450021913318416
PLOT-017402,0.9455136356317474
PLOT-016050,3.9168941125874217
PLOT-015701,3.7599280565222584
PLOT-015340,4.429151468438742
PLOT-018720,2.1951771451291924
PLOT-015187,1.7230565766152894
PLOT-015983,3.8798740340027673
PLOT-018244,1.490061709519287
PLOT-018696,2.6919300346041153
PLOT-015121,2.6199131406851484
PLOT-015603,1.841238080844732
PLOT-015667,1.7571181188958807
PLOT-017607,1.0876541217574762
PLOT-015244,2.4419182640074353
PLOT-015532,3.8005238033638635
PLOT-017027,1.597457118176202
PLOT-017983,3.856393459798781
PLOT-016179,1.2848099823413874
PLOT-017854,3.7269529739155285
PLOT-017752,3.449314098607037
PLOT-018628,3.5634634755922536
PLOT-016701,6.487808497853704
PLOT-015801,3.00333085781773
PLOT-015840,4.630643809491492
PLOT-016235,1.8852986420912676
PLOT-017163,1.637810958987149
PLOT-016926,4.271094198359397
PLOT-017873,2.1611083927993846
PLOT-015444,2.14090213906852
PLOT-018090,2.7840651140920936
PLOT-017284,3.0210852118429017
PLOT-016313,3.7890421480486567
PLOT-015921,2.2861196180885677
PLOT-015795,2.1809117412345382
PLOT-015897,2.4132313833299452
PLOT-015009,1.408455350775378
PLOT-017904,2.160521018200124
PLOT-016267,4.003908373976261
PLOT-017772,1.661974261489679
PLOT-016747,2.8537109136196093
PLOT-016416,3.0160849206954983
PLOT-018353,1.354837927865296
PLOT-017112,2.7406888162725958
PLOT-017036,2.1732031542525667
PLOT-018650,2.9081317608486583
PLOT-015213,1.3797376686671758
PLOT-016104,3.101749791575548
PLOT-016726,2.599776299290783
PLOT-018386,1.4228454028615698
PLOT-018174,1.0528493018209737
PLOT-018548,2.8210304646154816
PLOT-017159,1.4254527653271505
PLOT-016397,4.660488041970325
PLOT-015836,1.215303231391104
PLOT-015206,5.288011188208252
PLOT-015658,2.9130484104448007
PLOT-018497,0.6291806646248004
PLOT-015739,0.8936497568987765
PLOT-015500,3.7671572224645478
PLOT-017160,5.195981402502891
PLOT-017050,2.995421259568507
PLOT-017103,3.789499162281758
PLOT-017108,1.0025924511099547
PLOT-018553,2.9404249446407653
PLOT-015666,2.3040815778061052
PLOT-017371,2.1958958013934993
PLOT-015564,2.9067069470700138
PLOT-016262,2.5895487067456373
PLOT-016644,3.032388713178912
PLOT-016206,5.379904212419789
PLOT-016021,2.5955294587535613
PLOT-015134,4.31345738021465
PLOT-017156,2.611843213874102
PLOT-015305,1.393786283032117
PLOT-015915,4.3205691745250165
PLOT-016591,4.079675072360069
PLOT-017312,3.1714578189771885
PLOT-017319,2.3571968537676837
PLOT-015619,3.07011632175254
PLOT-017333,5.83589152653759
PLOT-015903,1.2395134696562016
PLOT-016384,2.7909912541507116
PLOT-016921,1.0003685530199433
PLOT-017739,2.519331287172671
PLOT-015296,1.2092121514371441
PLOT-015935,2.8403296242497222
PLOT-017986,3.2787448205419616
PLOT-015318,6.644939593417244
PLOT-015420,1.8232251791597376
PLOT-017129,3.5484471673665148
PLOT-017790,3.030174020500717
PLOT-017656,1.3382373628639832
PLOT-016632,1.8838498141370217
PLOT-016051,2.6778708339304607
PLOT-018225,1.38344355317443
PLOT-017949,4.057875131382979
PLOT-016906,2.397858129744716
PLOT-015562,1.404559005182408
PLOT-017367,2.554200493372818
PLOT-018710,1.6059880457276692
PLOT-018731,2.074441410031657
PLOT-016252,1.1663737546866952
PLOT-017403,2.529573062230952
PLOT-017863,5.233199589752425
PLOT-018598,3.516160392436726
PLOT-017568,1.8639545412868133
PLOT-017221,3.6659065959268933
PLOT-016816,4.11713336244262
PLOT-016587,2.2743003541650544
PLOT-017318,0.7399663434524764
PLOT-016844,1.8130113638393452
PLOT-015742,4.169993974420335
PLOT-018591,4.800011663313332
PLOT-015889,1.6472286064086232
PLOT-017253,4.109672474349605
PLOT-015748,3.1207825720615783
PLOT-018015,2.3020853257259595
PLOT-017060,2.940122302413606
PLOT-018286,5.235745865506483
PLOT-015514,4.019667046578262
PLOT-018038,1.9989347822386467
PLOT-016090,1.3549049913390354
PLOT-015662,3.380267494587312
PLOT-016688,5.595795208760201
PLOT-015361,0.9110912724674728
PLOT-017796,2.41575607991239
PLOT-018605,1.4177782540539239
PLOT-018501,2.5227326586464223
PLOT-015652,2.229997825304815
PLOT-018012,2.194164376199976
PLOT-017293,2.9425349334677944
PLOT-017170,1.6788706974319378
PLOT-017332,2.2680561922241336
PLOT-016390,5.558046753912051
PLOT-018096,3.4768353920492197
PLOT-015193,2.5070602317895574
PLOT-018245,1.0162456368479873
PLOT-018081,1.8590624362192534
PLOT-018663,3.9205104936081097
PLOT-017419,0.6938562375960504
PLOT-018326,3.9768266138974044
PLOT-016915,2.9695720941071593
PLOT-016788,6.248072613316135
PLOT-017072,4.947012466149453
PLOT-016579,2.218027601381395
PLOT-017705,3.014254179307691
PLOT-016872,1.4517527894592146
PLOT-015705,0.9817159806304638
PLOT-015131,3.18782771694207
PLOT-015592,0.6581044222241494
PLOT-015664,0.8895234934803978
PLOT-015565,2.435008172970333
PLOT-017503,0.9635326933185777
PLOT-016306,2.695621036474027
PLOT-016077,4.379573385248993
PLOT-015178,2.3042383965325124
PLOT-017737,4.376602505443834
PLOT-018393,2.715924732973958
PLOT-016431,0.8033941657431383
PLOT-016279,4.035429923954269
PLOT-015854,4.406433534386963
PLOT-015720,4.017312149626518
PLOT-016893,2.925200184077969
PLOT-017746,5.107990275187466
PLOT-018507,4.320698138331069
PLOT-016352,3.7220944782174668
PLOT-018687,5.086181549077225
PLOT-017541,4.233711080670695
PLOT-017309,2.442227799190051
PLOT-015517,2.547039282052495
PLOT-018110,4.218011938478764
PLOT-017497,4.706759353472251
PLOT-018634,1.0379234137906894
PLOT-015079,2.040790111766815
PLOT-017992,3.9140404385889567
PLOT-016225,3.871526046361788
PLOT-015427,3.688645715381673
PLOT-016795,3.043071646472786
PLOT-017765,2.2434792185540418
PLOT-018264,0.9231032307745262
PLOT-017756,0.7639498794139309
PLOT-018570,0.8816750940666774
PLOT-016470,1.4445930024580198
PLOT-017178,1.0728840725803597
PLOT-018492,5.072851416167961
PLOT-015933,1.980354773140202
PLOT-017090,2.7440725275442768
PLOT-018323,3.022492461591517
PLOT-015527,4.4078877635368805
PLOT-018504,1.0355693721099322
PLOT-015513,5.836229976792214
PLOT-016995,0.9839470944472773
PLOT-017228,3.1715282558191253
PLOT-017700,1.1417724459392178
PLOT-015707,1.8295857848895276
PLOT-016771,2.289556637342291
PLOT-016332,2.345336272506168
PLOT-015670,2.2975468526209557
PLOT-017610,3.171545276027349
PLOT-015991,4.0950774876988305
PLOT-016438,2.7834619268464915
PLOT-015180,4.4216004411410985
PLOT-016277,3.0116263664475795
PLOT-016674,3.6404898985283425
PLOT-018134,4.555894579126358
PLOT-016933,3.753019009801652
PLOT-017924,3.7956070388073764
PLOT-016039,3.1801360513446233
PLOT-016084,3.792288439489963
PLOT-016730,4.992639747927505
PLOT-015615,3.242002543630719
PLOT-017841,2.7507957404131926
PLOT-018607,2.6372647954674737
PLOT-016347,5.560472086886952
PLOT-016275,3.407024535447775
PLOT-015802,1.821128537295436
PLOT-017134,2.414423395536931
PLOT-015448,1.34771759690607
PLOT-016387,4.893130399613082
PLOT-018608,6.3446389470190505
PLOT-015430,1.6077212031312094
PLOT-018317,1.1071943795256454
PLOT-017893,2.6914581264687976
PLOT-017014,0.5132753944777052
PLOT-015450,2.3570784228454955
PLOT-015580,3.522731102762923
PLOT-016609,1.391141740992451
PLOT-017059,2.3035960457970774
PLOT-015596,7.54473004823186
PLOT-016714,1.0516369260520864
PLOT-015789,2.850379043895151
PLOT-015346,0.16674509133332918
PLOT-015502,3.72794797654852
PLOT-018590,3.0444971950140878
PLOT-016406,1.6685860754014243
PLOT-017176,3.5831619132627406
PLOT-016166,1.8950599333521307
PLOT-016608,1.5957918396227697
PLOT-017301,2.167787028910515
PLOT-016830,2.4009167172503876
PLOT-015268,1.9214162269289845
PLOT-017013,2.7816531098379973
PLOT-017006,3.688948043784368
PLOT-018141,2.809610022061961
PLOT-017421,2.0597998262449257
PLOT-017719,1.19457690311322
PLOT-017157,2.419250192473717
PLOT-017075,1.2907186054601483
PLOT-018185,1.2086658712290084
PLOT-017305,3.7575635982964184
PLOT-018525,3.46191163987415
PLOT-018395,2.4973629001092466
PLOT-015992,4.953931186486736
PLOT-015977,2.628636309310633
PLOT-017236,1.656570795746426
PLOT-015314,2.8164510839932317
PLOT-017721,2.6072513346845048
PLOT-017641,2.9827937804951787
PLOT-015283,1.8250573921300748
PLOT-016134,2.0962939975177024
PLOT-017003,5.52889214239968
PLOT-017742,2.679303075836769
PLOT-015032,2.656978287452716
PLOT-015590,3.7572097739414034
PLOT-018723,1.3253615890130601
PLOT-015240,5.31873009992233
PLOT-017771,1.1038928348377564
PLOT-016558,5.428378653337059
PLOT-018071,3.94645242799612
PLOT-017804,4.7556153626676485
PLOT-016720,0.9919429982644081
PLOT-015339,1.59335028834346
PLOT-015993,2.296495668279581
PLOT-016731,0.9990692973482349
PLOT-016785,1.916788836159286
PLOT-017733,3.007116642068229
PLOT-016170,3.2328894087629467
PLOT-018373,1.8343865456335817
PLOT-016765,2.891150266417355
PLOT-015498,2.0700971214809285
PLOT-015280,4.021883447857941
PLOT-015217,3.167231743018753
PLOT-016949,2.027207700108344
PLOT-015672,3.391103961620639
PLOT-016236,3.7775438706016913
PLOT-016643,6.63097059925996
PLOT-015668,3.0833308087419327
PLOT-016483,2.8821163139306147
PLOT-017761,2.5463860384841586
PLOT-016412,2.28386632587428
PLOT-018097,3.780164835129197
PLOT-016617,1.6041988879311706
PLOT-015356,2.5094364204576585
PLOT-015971,1.3543168422280536
PLOT-018406,3.04152694182205
PLOT-016749,1.7788809549856315
PLOT-017081,1.7484480588308358
PLOT-015852,1.6657101883917536
PLOT-016208,2.635992930398688
PLOT-017786,1.9688402305811281
PLOT-017839,2.462774881099171
PLOT-015751,2.297315686941928
PLOT-018336,2.702135401412284
PLOT-018593,5.061309049666029
PLOT-015362,1.584370146527074
PLOT-016078,1.7094639901311142
PLOT-016597,2.8600112336802916
PLOT-015012,2.2305377238246114
PLOT-015485,2.37735980441596
PLOT-016261,3.2013551900795156
PLOT-016745,3.17741319576161
PLOT-017735,4.48966029985005
PLOT-018382,3.709153535010511
PLOT-015786,1.843044917755402
PLOT-015959,1.9293005868382413
PLOT-017655,1.0301240499938717
PLOT-015740,1.788128091279161
PLOT-015524,2.2802497928759236
PLOT-017879,5.353706566814882
PLOT-017634,1.629492480078712
PLOT-018092,4.188542034118337
PLOT-017915,2.3643846268496884
PLOT-018621,2.186981033407755
PLOT-017004,3.201774498509064
PLOT-015884,2.1715590508203135
PLOT-017530,2.2097894126574755
PLOT-015453,3.2792938365218633
PLOT-018324,2.312145693878708
PLOT-016657,1.216131341360192
PLOT-018639,2.0614573222393706
PLOT-017328,1.5803591402953336
PLOT-016425,3.2183940324917715
PLOT-015099,3.0903873221795393
PLOT-018690,2.126106013014362
PLOT-017698,1.5039710070120171
PLOT-015979,1.7682184977712139
PLOT-016157,5.908378636900869
PLOT-017015,2.568026327733681
PLOT-016374,2.1598473167298993
PLOT-016381,2.1935225748944562
PLOT-016040,2.5841280380407894
PLOT-017168,1.9800365525437091
PLOT-016286,7.655444112646178
PLOT-015760,4.302448510358616
PLOT-016086,1.7411253524301895
PLOT-016767,1.8831228402403637
PLOT-015210,3.2139301589006917
PLOT-016596,4.29931526823946
PLOT-017052,1.4521236302698002
PLOT-016240,5.427983744116622
PLOT-017276,2.6150669497413674
PLOT-017590,3.1708107841683293
PLOT-017768,4.557721122193074
PLOT-017526,3.678425212323938
PLOT-016171,4.532057606463257
PLOT-016459,4.20927991455463
PLOT-016183,3.778105854524293
PLOT-018534,4.329387708432797
PLOT-018132,3.8169152114734386
PLOT-015773,4.457671368083833
PLOT-017304,3.677200816096936
PLOT-015631,3.4462706579483493
PLOT-016153,3.6215813003677435
PLOT-016398,2.6574428407067296
PLOT-015387,0.8407067754529767
PLOT-016496,3.2536164110561954
PLOT-016971,2.423882111797949
PLOT-016116,3.9511638023798463
PLOT-015476,1.4042932799925736
PLOT-016547,5.094138472092704
PLOT-016463,2.1324810754620414
PLOT-017930,1.8622477490339866
PLOT-016242,1.1071303282816602
PLOT-018215,3.75306991569048
PLOT-017425,7.588280127915481
PLOT-018564,2.3479353453279175
PLOT-015833,4.420420959926759
PLOT-017116,2.9703465032762675
PLOT-017323,4.4248733265505145
PLOT-015523,5.483282775351658
PLOT-015203,4.213086380207284
PLOT-018506,4.887355405958523
PLOT-015736,2.8527122413108423
PLOT-018510,5.012763670791595
PLOT-018104,2.353250818592565
PLOT-017736,0.6309487658817169
PLOT-018520,4.250310665740837
PLOT-017342,3.9074311511480806
PLOT-016690,1.2626743040402253
PLOT-015929,3.9678068204458747
PLOT-017434,1.2495511645030888
PLOT-015372,1.9341086842460606
PLOT-017272,2.8293589815457723
PLOT-015488,3.432355315636245
PLOT-018235,0.8301934996557742
PLOT-016167,6.135361963636634
PLOT-017166,2.593111058961003
PLOT-018586,2.34023343518218
PLOT-015676,2.1694582746264492
PLOT-017242,1.8139684109622851
PLOT-017668,3.098543915146809
PLOT-016121,4.192263159345637
PLOT-017644,1.4815065213716545
PLOT-017835,1.4341619737940103
PLOT-017227,1.5165698297320047
PLOT-018024,2.7306796697683144
PLOT-015700,5.398482542527559
PLOT-017264,4.492763575286744
PLOT-017394,1.7103416014440158
PLOT-018455,1.5625219813801166
PLOT-016108,2.2569343386040206
PLOT-015224,3.462169210591359
PLOT-017557,2.4847634589331156
PLOT-017020,3.898234856717162
PLOT-015587,4.202713958232571
PLOT-015172,5.066796167547708
PLOT-017124,2.5096056675077665
PLOT-016324,4.227568472584512
PLOT-015110,1.0702980452355118
PLOT-015582,3.501564082012372
PLOT-017565,2.435651653178906
PLOT-016420,5.543060000895817
PLOT-017970,3.84010827120146
PLOT-018061,2.3531678338339836
PLOT-015255,3.635018920681711
PLOT-018672,1.6574396763165125
PLOT-015455,1.841518863149672
PLOT-016493,1.8941007179848783
PLOT-018113,1.1220193898713748
PLOT-018523,0.12816978188096814
PLOT-015800,4.6526173663081885
PLOT-018463,2.9645824635972406
PLOT-018135,1.7125102551142757
PLOT-017335,2.4657826772026263
PLOT-017223,1.0602636412076976
PLOT-017864,7.594914776233065
PLOT-015118,2.7507245389324795
PLOT-016911,1.69100803957852
PLOT-017651,5.749590235556703
PLOT-017281,3.126648847688062
PLOT-016514,1.3429850511386785
PLOT-015876,4.131059181166862
PLOT-018403,3.420741516052163
PLOT-017055,2.464271216944677
PLOT-015600,2.884796237393719
PLOT-015008,6.00797392507624
PLOT-016164,4.09653445345134
PLOT-018668,2.865183617555224
PLOT-016809,5.534500517921767
PLOT-016774,3.058141086520518
PLOT-016781,5.450148595256815
PLOT-018422,1.0838954626114399
PLOT-017994,2.942223570464188
PLOT-015536,2.050087137190173
PLOT-018511,5.478893013056258
PLOT-017667,2.373516099967698
PLOT-018575,2.1402560693667634
PLOT-018678,2.0519658046168185
PLOT-015275,5.632565809704423
PLOT-018426,2.5415450207748997
PLOT-016434,1.8266635482568039
PLOT-016489,1.9134379025877442
PLOT-015442,3.242180886496652
PLOT-018383,1.6820363340356117
PLOT-017143,2.38449862723081
PLOT-016564,1.341834317577681
PLOT-018128,3.0236277720438607
PLOT-015984,4.43773652449299
PLOT-015785,2.6967468405380326
PLOT-015928,1.7839543552295924
PLOT-016260,2.739313337950128
PLOT-016294,2.6225602707916247
PLOT-018259,3.8441369327169306
PLOT-018616,3.6634930501523533
PLOT-018606,2.198858883407961
PLOT-017216,4.963022905269525
PLOT-016135,3.4183303445343833
PLOT-017665,1.8370200850234206
PLOT-015871,4.073622676812277
PLOT-017086,3.5706226821790197
PLOT-015847,4.618497776206736
PLOT-018227,4.941673543868656
PLOT-015024,1.0348274775061201
PLOT-018345,3.628283249718809
PLOT-015057,1.9916335305451855
PLOT-017594,2.7005641922162327
PLOT-015190,1.6112903075878122
PLOT-015898,1.4426090325256116
PLOT-017490,1.884373973945016
PLOT-018357,2.519674164591744
PLOT-017513,3.464419338209853
PLOT-015492,1.1109774189924562
PLOT-015962,3.13201335583237
PLOT-016257,2.8870042927232853
PLOT-018022,2.051229211501167
PLOT-015640,3.6996419197518167
PLOT-015002,2.2557248137994166
PLOT-016344,5.275370662449462
PLOT-017575,3.3755078744104856
PLOT-015141,2.5740386021294404
PLOT-016820,4.533177679561453
PLOT-017501,2.315138789205349
PLOT-015612,2.2130754541111934
PLOT-017531,2.583251632341717
PLOT-016582,1.7953241184958395
PLOT-017965,1.9963406189063184
PLOT-017991,3.5406195396988713
PLOT-017054,4.759331312285245
PLOT-015227,2.563675270173169
PLOT-018364,2.87251689982692
PLOT-015568,0.6951819057188993
PLOT-016732,3.111752022201219
PLOT-015572,5.452679752893099
PLOT-017017,3.009625049496704
PLOT-017741,4.403499834392159
PLOT-017961,2.3361917328510935
PLOT-017989,1.918716356657745
PLOT-015289,4.0303392590614315
PLOT-016122,2.4731828166725367
PLOT-015920,1.8626436794143217
PLOT-017109,1.3261814827815075
PLOT-016583,0.8089206008338441
PLOT-016229,4.872950229277528
PLOT-015939,6.132620476889627
PLOT-017762,4.313990423857139
PLOT-017536,3.4646150667244644
PLOT-015426,2.556258196970811
PLOT-018053,5.545534317345684
PLOT-016144,2.7716185226454573
PLOT-017211,1.8775442315735018
PLOT-015602,0.5270358702845074
PLOT-017111,3.231655620662923
PLOT-017779,5.684065047993084
PLOT-018017,1.4866323297799715
PLOT-017521,4.72510276636321
PLOT-016308,2.496354783642769
PLOT-018248,2.6863955620038147
PLOT-015423,1.2624184802433949
PLOT-017728,2.1366528031784973
PLOT-016429,4.489472046420888
PLOT-015578,2.928594207477588
PLOT-015278,4.0461373957281
PLOT-016491,1.1361221681335705
PLOT-015151,2.177873774425821
PLOT-018130,2.241021071098998
PLOT-015378,2.985785686135053
PLOT-015895,2.0667197371686985
PLOT-018666,3.43998942730842
PLOT-018355,5.32394644401839
PLOT-015841,4.257688863094538
PLOT-018209,5.823004144464888
PLOT-017194,3.3396773842523704
PLOT-018301,2.154346150519275
PLOT-016614,1.9066882590932372
PLOT-017783,3.1699373463736964
PLOT-015717,1.1217348625947348
PLOT-018032,2.3632465393738586
PLOT-015386,2.3836614544884394
PLOT-015446,2.2066810470978364
PLOT-017106,3.7461890853550526
PLOT-018727,2.322648018422254
PLOT-016222,2.5812940668962097
PLOT-017595,2.3078811788107885
PLOT-018172,3.5175985439932695
PLOT-015142,1.2929349877998368
PLOT-017254,1.3501419134011021
PLOT-016903,2.2308460161491674
PLOT-018037,2.4109458191371376
PLOT-017457,3.8802811185117156
PLOT-015451,4.507438214950246
PLOT-016228,3.422049000226682
PLOT-016256,2.0134658021224983
PLOT-018188,1.4808541314272117
PLOT-018187,3.5873840093319576
PLOT-017395,1.634209280207182
PLOT-017502,1.9332709183587158
PLOT-017246,5.955154775973397
PLOT-017679,2.9816422995266714
PLOT-017645,2.303545479549592
PLOT-015734,3.5877312726590294
PLOT-017931,2.647216720835873
PLOT-015456,5.638207061867294
PLOT-016391,2.406587273307939
PLOT-017703,2.3116110096316818
PLOT-017955,3.846186547396124
PLOT-018424,2.5232799487718105
PLOT-017704,3.553573635142338
PLOT-017831,3.829158556461165
PLOT-017693,0.6250031775276454
PLOT-018179,1.0330229638288224
PLOT-017740,3.2300662128358097
PLOT-016670,2.916653433433116
PLOT-016876,1.9073054138878454
PLOT-016457,0.8942595773117306
PLOT-016188,0.8033258358120686
PLOT-016523,1.3091646922911344
PLOT-015803,0.813434294068779
PLOT-017592,1.7764710064062743
PLOT-015036,2.9193191365272613
PLOT-018547,0.9855476803811344
PLOT-018490,7.090688059188164
PLOT-017201,3.4190559275540604
PLOT-018559,2.7946799116595598
PLOT-015855,1.8835291527666986
PLOT-017407,1.625173618868285
PLOT-017748,3.3757306236796487
PLOT-016325,3.1731414541013723
PLOT-016910,0.7514323031421067
PLOT-016626,2.8075405192387053
PLOT-016727,2.8925181981879735
PLOT-015100,0.710259765005588
PLOT-018251,1.5961862619343872
PLOT-016929,3.8229546771501997
PLOT-015341,3.8272171638732306
PLOT-018532,2.7617054355304163
PLOT-016312,2.728191121319416
PLOT-015540,1.3292593144875975
PLOT-018292,2.4186583037523066
PLOT-015243,1.5676575738387108
PLOT-018342,2.2266230252368864
PLOT-015419,2.3076150666628483
PLOT-018330,1.44987718693743
PLOT-016888,2.4396524200018113
PLOT-016734,2.2312777861461104
PLOT-015727,1.8495348473398638
PLOT-015037,2.122771988323414
PLOT-017202,2.882210425227253
PLOT-016742,2.3049894572737797
PLOT-017898,2.055675733526397
PLOT-015071,3.94830493573357
PLOT-017951,2.36225681044363
PLOT-016203,1.411051064674581
PLOT-015226,2.4943011703808673
PLOT-016141,0.8274086573853563
PLOT-015669,4.256394894989042
PLOT-017411,3.122241206915542
PLOT-016541,3.4722441534062307
PLOT-017846,1.5595748393159008
PLOT-018428,3.26668877616932
PLOT-016849,1.5842926281617482
PLOT-016102,2.935587798739685
PLOT-018657,0.6676555994249738
PLOT-017114,4.985864579164637
PLOT-018335,3.480706537278392
PLOT-015468,3.07217879907731
PLOT-017031,2.1886930374084064
PLOT-017787,3.1990605067904334
PLOT-016916,1.9122122151612542
PLOT-017311,2.4129091491037435
PLOT-018389,0.9880402774265864
PLOT-015824,1.6752727967080316
PLOT-016396,1.821096726865368
PLOT-017975,5.047914413668305
PLOT-017363,4.340451692396517
PLOT-015845,3.0241171018357815
PLOT-017777,3.0645197775865696
PLOT-017911,2.9172047089445368
PLOT-018123,4.378847359811056
PLOT-015078,3.4929334718080405
PLOT-018160,3.71447580928568
PLOT-016321,2.1090821569411715
PLOT-016083,2.5870921846304973
PLOT-016320,2.0028913033436306
PLOT-017558,5.031161069223458
PLOT-018363,5.8537895253149905
PLOT-016700,0.8645747239157049
PLOT-015943,1.1531470143021016
PLOT-017712,2.416667912825813
PLOT-018304,3.573871073655945
PLOT-016733,2.913434664062113
PLOT-015241,2.3188380734752103
PLOT-018312,2.7743616330243364
PLOT-018299,2.5513602026667597
PLOT-017856,2.975722757475755
PLOT-018006,3.8082502678799486
PLOT-018302,5.126470897640877
PLOT-015526,4.022567876936544
PLOT-015798,2.8360984391353607
PLOT-015713,3.3979374121778094
PLOT-018139,2.565404954263172
PLOT-018685,1.4625432659581141
PLOT-015738,2.0142288169834326
PLOT-016946,1.8181558971111615
PLOT-017225,3.1927567921129074
PLOT-018118,3.5391639151796186
PLOT-018434,3.563988107393012
PLOT-016377,3.4666488606678363
PLOT-016914,6.271140887441551
PLOT-016778,5.12442801280341
PLOT-018633,2.032840930000329
PLOT-015757,4.528573280453162
PLOT-017711,2.671832922874536
PLOT-015429,5.2112480439187445
PLOT-016982,3.9613960614276875
PLOT-018432,3.263531434519687
PLOT-018313,1.8636347534219515
PLOT-016966,5.200093742240466
PLOT-015981,2.767845573627917
PLOT-015263,1.3904598493287372
PLOT-018202,3.148676308485455
PLOT-018701,3.235986901710234
PLOT-015547,0.676294929875371
PLOT-015454,2.561300192163622
PLOT-015338,6.005219698973704
PLOT-015026,1.990149597349208
PLOT-017844,1.2248398408046002
PLOT-016062,2.1165144487502423
PLOT-015320,3.456816739727411
PLOT-015000,2.9609782275632246
PLOT-016506,1.2770819034357264
PLOT-018686,1.9887835778664065
PLOT-016151,2.52657589648126
PLOT-015407,2.337601080106957
PLOT-016769,3.8482938696633395
PLOT-016210,2.325333265970772
PLOT-015750,3.0383045163457276
PLOT-017000,1.4407521898242257
PLOT-016542,3.305270840113415
PLOT-017794,2.624898680539406
PLOT-016095,5.622754628961007
PLOT-018217,3.6453957404598136
PLOT-015577,3.656078554624655
PLOT-016326,2.193883912202793
PLOT-017811,2.6538098417008458
PLOT-018143,2.453684446746083
PLOT-017234,4.583634312729658
PLOT-015270,1.663891252092588
PLOT-015170,1.3858796570150582
PLOT-017905,3.9878450663022345
PLOT-017189,1.0381628769592335
PLOT-016783,3.8647552696174254
PLOT-015674,4.551216771482834
PLOT-017807,2.5975027587677295
PLOT-016868,3.0742764609891453
PLOT-018515,0.7758843719460662
PLOT-016441,5.932090163330592
PLOT-016723,1.87928500344697
PLOT-016958,3.8141838973470827
PLOT-016619,0.8704780201732941
PLOT-017366,2.323315099008524
PLOT-017866,3.658916167809114
PLOT-016987,5.4513204022713815
PLOT-015253,1.8218245464895013
PLOT-016276,1.924349472309314
PLOT-017910,2.214811681466996
PLOT-017289,2.715179881234501
PLOT-015295,3.369210751727281
PLOT-015053,1.2083233821423134
PLOT-016096,1.515209285862914
PLOT-015191,2.212834387687712
PLOT-015301,2.930885149350306
PLOT-015365,3.4885135894630395
PLOT-017499,3.192915860614509
PLOT-016977,3.805037510192982
PLOT-018703,2.2270493487455862
PLOT-015744,2.765867666581258
PLOT-016191,3.0904724521350997
PLOT-017039,2.6218531520658135
PLOT-017670,3.0553830200478247
PLOT-016923,3.5607614241400642
PLOT-016355,1.550218989181479
PLOT-016113,1.977588664536798
PLOT-017511,2.4558010450008165
PLOT-015374,2.885016827141782
PLOT-016821,1.8846747673826445
PLOT-015291,0.9335619086600567
PLOT-018358,4.020217826900588
PLOT-015389,3.4226894997140196
PLOT-018375,3.7000322688281404
PLOT-018133,3.6596514955466155
PLOT-016180,3.153611683186937
PLOT-016598,2.627991123733778
PLOT-018514,2.8883976034403984
PLOT-017084,1.072182257562494
PLOT-015214,2.751224858549861
PLOT-016016,3.205862360165105
PLOT-016864,3.6570497710921686
PLOT-015410,1.2843527146919749
PLOT-016545,3.424732662310159
PLOT-017619,1.547534057349005
PLOT-015832,2.266916808440725
PLOT-015179,4.508875990786899
PLOT-015690,0.2470114902370508
PLOT-018122,1.4956131769898184
PLOT-015470,1.6035409074485003
PLOT-015704,3.162443439832335
PLOT-017346,0.7437178037373333
PLOT-018653,1.1446837850060405
PLOT-017887,1.6611363143878812
PLOT-017593,3.092301700624826
PLOT-016075,3.476268130137809
PLOT-018680,4.820916813906374
PLOT-016627,1.4443716459024158
PLOT-018399,3.0384938631879512
PLOT-018295,3.5805673703503587
PLOT-015063,6.653182374622989
PLOT-015769,2.99762348513238
PLOT-016428,2.1023132789463035
PLOT-015324,2.182655487160285
PLOT-015819,3.3491566378883566
PLOT-015780,0.6601109967196509
PLOT-016699,2.1410340021087593
PLOT-016123,4.790191058882236
PLOT-018152,2.7555700574868234
PLOT-015752,3.626868930523241
PLOT-016067,3.4857721024257273
PLOT-018614,5.718503894475637
PLOT-016041,1.8499953652223085
PLOT-018109,2.7623604356955447
PLOT-017417,2.8590947073659208
PLOT-015716,0.7432813530785783
PLOT-017717,3.0171583424876207
PLOT-017582,2.8656657497077433
PLOT-015550,1.9246586945589592
PLOT-018008,3.061686434532576
PLOT-015749,0.8500652626829461
PLOT-016487,3.6076276732888037
PLOT-017486,2.1141283242106823
PLOT-018337,1.8326987556739218
PLOT-017426,2.5593190263165657
PLOT-018213,1.2823687974257523
PLOT-017928,4.496454027616825
PLOT-018400,1.3882752310119397
PLOT-018531,1.417442481015678
PLOT-017130,3.588225097437236
PLOT-015842,2.7112487258735265
PLOT-016997,5.316312963108525
PLOT-015020,2.8592293424053783
PLOT-017418,4.251712841212575
PLOT-015879,0.9665432114751555
PLOT-017329,2.5246658603249905
PLOT-018050,3.2404530130919236
PLOT-015863,5.299213889119125
PLOT-017190,2.462362812271681
PLOT-016376,3.5059942938599993
PLOT-016936,1.342545918715738
PLOT-015354,2.175588490370856
PLOT-015951,1.1600940539562352
PLOT-018496,0.8153428767979667
PLOT-016930,3.9954780362866047
PLOT-016430,6.54070450443393
PLOT-018121,3.6034452723563035
PLOT-017543,2.498980602661359
PLOT-017978,3.156003453284132
PLOT-016305,5.592736341194535
PLOT-016073,2.8217545754813314
PLOT-016159,1.4310867233959712
PLOT-015058,2.036389657992089
PLOT-017450,5.198364910193782
PLOT-017033,2.341676242451393
PLOT-016696,2.202075356970052
PLOT-016379,0.9664811615855979
PLOT-016536,2.5334808642107367
PLOT-016593,2.295172057892618
PLOT-018407,2.1026843751875117
PLOT-016539,0.6549343022036822
PLOT-017566,2.3840444566126573
PLOT-016423,2.649687318878445
PLOT-017899,0.9984087267180518
PLOT-016718,2.624734203231968
PLOT-018418,3.1213275971764545
PLOT-017527,3.261029278163684
PLOT-016068,2.948006721432813
PLOT-015147,2.2721372421058175
PLOT-016715,3.5874008262447226
PLOT-018198,3.2235744840506038
PLOT-016589,3.550484178440726
PLOT-017747,2.652856113732749
PLOT-016531,2.1517067055906405
PLOT-017799,2.7770730475804704
PLOT-015452,0.5178068246576952
PLOT-016561,1.0022457618313196
PLOT-016955,3.25203136743672
PLOT-018544,2.375946192971135
PLOT-015192,1.4220825501179595
PLOT-016038,2.3964970254972178
PLOT-016537,4.150282798137371
PLOT-016293,2.5298221830508787
PLOT-018398,1.7589880965843476
PLOT-018378,2.5068221848507273
PLOT-017606,3.6517026420692984
PLOT-015626,2.947001816144994
PLOT-016697,2.314152289896769
PLOT-017338,3.381568219314524
PLOT-018067,1.9002521187588144
PLOT-017294,3.0363394891644546
PLOT-015974,2.362025364440798
PLOT-016763,2.1882100246760627
PLOT-018460,3.1676662642427944
PLOT-015150,6.064631619550311
PLOT-017948,5.749026865646499
PLOT-016524,5.302835679479967
PLOT-018623,3.241488246103802
PLOT-018719,3.6180423583947325
PLOT-016939,1.8087703379074584
PLOT-018360,7.215471423867551
PLOT-015484,0.7570837491526701
PLOT-017520,1.4739551040337577
PLOT-018042,4.582598214293004
PLOT-016302,2.2052298449595518
PLOT-015649,3.391422643378374
PLOT-016495,3.137005315259323
PLOT-018724,2.1897475073131103
PLOT-016527,3.507086994134068
PLOT-018568,4.261468475111198
PLOT-017347,4.347018000879809
PLOT-018331,3.2478620088095025
PLOT-018482,2.416367198305496
PLOT-017082,4.43963383895845
PLOT-016216,1.8059127922511249
PLOT-018468,1.7960898502992066
PLOT-015945,3.132777821669951
PLOT-018396,4.19119380129029
PLOT-015072,3.418261458036619
PLOT-016610,1.9662203626831862
PLOT-017614,5.312098200826887
PLOT-017098,0.8620732819213267
PLOT-018503,1.8862984108934207
PLOT-015762,1.9413163181980846
PLOT-015089,3.5024781647350443
PLOT-017621,3.5433393105012034
PLOT-016375,2.718544782975507
PLOT-015017,3.3671348860157733
PLOT-018494,2.9671061595459034
PLOT-015804,5.704202695354892
PLOT-016526,2.111669049664272
PLOT-018537,2.7814428815780894
PLOT-017662,1.4252355680273745
PLOT-016127,2.2326158107354575
PLOT-017248,1.857723682793751
PLOT-015838,2.590237182583554
PLOT-016057,3.977843447834063
PLOT-015864,1.2101092470008077
PLOT-018182,2.360406653633952
PLOT-018404,1.397448813273833
PLOT-015298,2.1663499079173745
PLOT-018059,0.17172091275174414
PLOT-016801,2.5992397111047656
PLOT-016871,2.29993278435124
PLOT-016061,3.521349503764734
PLOT-016029,3.7767301889139757
PLOT-017769,1.6371589432500229
PLOT-017182,2.864014477490404
PLOT-015398,3.416963269169218
PLOT-017643,5.08755629629947
PLOT-016337,4.341783403494887
PLOT-016802,1.8560188354905738
PLOT-017918,2.4671657310640462
PLOT-017142,2.5173354005614192
PLOT-016845,2.642532825753126
PLOT-015395,2.2857149834055117
PLOT-015094,3.169651089158408
PLOT-016291,1.1869776257490734
PLOT-018411,2.6168112791127385
PLOT-016353,2.1299226969605307
PLOT-016469,2.7503095241168145
PLOT-018585,2.023294988969057
PLOT-018311,5.222593330910519
PLOT-016444,2.2816163829639255
PLOT-016543,2.3903238749523994
PLOT-018658,2.943138100732228
PLOT-016942,3.035212034538686
PLOT-018518,3.0371903697067064
PLOT-015661,3.527894537467646
PLOT-018117,1.4022142639225068
PLOT-016682,2.655881966604808
PLOT-016635,1.6207437854465143
PLOT-018065,1.692994817403176
PLOT-015317,2.1612155228532433
PLOT-018334,2.3320648389509406
PLOT-017233,2.6285264007695
PLOT-015947,1.2736937381667057
PLOT-018376,2.920903783705372
PLOT-015770,3.7834362078367088
PLOT-016380,1.9482547269502788
PLOT-016962,2.614946513518918
PLOT-017470,1.2667846174074597
PLOT-015544,4.364296555996121
PLOT-016382,5.479410641504061
PLOT-018216,1.2574670620723734
PLOT-018102,3.4138186826075274
PLOT-016831,2.13603387955281
PLOT-015635,3.507410895665259
PLOT-016181,4.08438165281675
PLOT-017041,6.686823390127196
PLOT-017685,1.208913868801668
PLOT-015108,2.2492951973189594
PLOT-017439,2.3864171458586942
PLOT-017754,3.780175540726533
PLOT-017410,1.7970447159192826
PLOT-017548,2.0628137397696062
PLOT-017161,3.467127930330237
PLOT-016940,2.8213976171113684
PLOT-018256,4.271854957342573
PLOT-015139,2.3243462268507638
PLOT-015712,3.2003149057205014
PLOT-017144,5.418228720028482
PLOT-015287,1.0891947742710095
PLOT-017077,1.1918901926875014
PLOT-015823,3.6963135551201813
PLOT-017035,2.6022215342574286
PLOT-017914,3.1725859206988547
PLOT-017449,1.429501948977382
PLOT-016869,1.4222861762440993
PLOT-016513,3.9096208028887496
PLOT-018023,1.7580528310462828
PLOT-018300,3.2077021677196123
PLOT-016224,6.525169023444472
PLOT-018176,2.262670081245134
PLOT-018509,1.9580639455808768
PLOT-017099,3.132682191214856
PLOT-015525,1.4906232583013426
PLOT-015473,2.063014072007786
PLOT-015506,2.6000623719899583
PLOT-017011,2.6421228604248697
PLOT-016223,0.7776966298499751
PLOT-015396,2.146139166471436
PLOT-015515,3.3874025296179306
PLOT-016343,2.5397656175810215
PLOT-015891,2.7110419952111617
PLOT-018412,4.02806258339779
PLOT-016264,2.917549980928722
PLOT-017164,2.6170023002063365
PLOT-015877,1.8939272778753142
PLOT-017118,4.914276185884423
PLOT-015013,1.5526748786305824
PLOT-018693,2.0442619242118987
PLOT-017065,1.5783524623286118
PLOT-017825,3.483816154706225
PLOT-017812,5.230140991369162
PLOT-015376,0.9985145078693634
PLOT-017361,2.0361867814752213
PLOT-016900,2.628920694834734
PLOT-015857,4.424031226736156
PLOT-015503,3.31052863943638
PLOT-016081,4.679469195591506
PLOT-015046,3.6285785086655626
PLOT-017297,2.636755871553339
PLOT-015266,1.6368313106483046
PLOT-017626,3.039469263085666
PLOT-018346,1.304119422419053
PLOT-016549,1.3400231053313103
PLOT-016022,4.06023790792578
PLOT-015232,1.574601470105621
PLOT-018063,2.0754265900537296
PLOT-018243,2.082468958261969
PLOT-018354,6.160194632521678
PLOT-018562,5.101102286093012
PLOT-018681,3.156725708756657
PLOT-016189,1.0960218578172702
PLOT-018028,1.5948392254206218
PLOT-017188,2.0876214356407403
PLOT-016584,1.8108410219707738
PLOT-015173,2.7325082310320887
PLOT-016165,2.3456290177118957
PLOT-015204,2.0583191202881217
PLOT-017519,1.0038517937258262
PLOT-017263,5.298242342274163
PLOT-016177,1.7721086061808702
PLOT-016162,2.6050286927570054
PLOT-015630,3.3407066338943405
PLOT-015681,1.465555692821515
PLOT-018683,1.3802278716172047
PLOT-018016,1.7106843752974978
PLOT-018408,1.9417178745851962
PLOT-018240,1.6827157125147028
PLOT-016511,2.0024563293641187
PLOT-015621,4.174038672930835
PLOT-016450,3.696615890054218
PLOT-017455,2.9812728356046874
PLOT-016554,2.6124634707246495
PLOT-016292,2.2804474895361264
PLOT-016106,1.215266507831102
PLOT-016600,1.867231513947939
PLOT-016409,5.4503787942294
PLOT-015132,2.846369649502371
PLOT-016851,0.8069422259111232
PLOT-016124,2.742503783811502
PLOT-016036,2.2858000849132654
PLOT-015644,4.284606061225433
PLOT-015778,1.3285225947395098
PLOT-016447,3.7360180788757518
PLOT-018162,1.4497785070296882
PLOT-017716,3.007192023183139
PLOT-017552,2.7403296975932543
PLOT-017314,1.9539536629346772
PLOT-018456,3.524415501666435
PLOT-018366,0.3337897589863197
PLOT-017516,0.9350051745990883
PLOT-017745,3.690454965038705
PLOT-016586,2.4858550184913466
PLOT-015117,6.007807136444064
PLOT-018642,0.9388702033648969
PLOT-016192,1.8348860953864101
PLOT-017603,5.095225351614066
PLOT-015563,1.5290151942792223
PLOT-015722,3.580774766064679
PLOT-016418,2.5203279253885675
PLOT-015490,3.2088628204718406
PLOT-016070,3.238758133803842
PLOT-017280,3.0489194499502386
PLOT-018148,1.4845903533296698
PLOT-017185,2.975393732956503
PLOT-017320,2.035960290840618
PLOT-017461,1.6341749680278934
PLOT-017222,1.9441106624707096
PLOT-016458,3.7917305847985454
PLOT-017706,2.5127850282321615
PLOT-018415,2.295643202636139
PLOT-017068,3.754158118603229
PLOT-017350,3.0127513541075355
PLOT-015609,3.644489948741344
PLOT-016538,2.961799495052191
PLOT-016455,3.118370948963592
PLOT-017436,1.3185768318487523
PLOT-017021,3.573151628523576
PLOT-015997,1.6956462576268962
PLOT-015576,2.0445653017736647
PLOT-016163,2.7608323085561954
PLOT-015019,3.171995982112868
PLOT-018325,2.8887798962023625
PLOT-017906,2.6776087046002788
PLOT-017751,1.663590591887669
PLOT-016274,2.897173714712881
PLOT-015755,2.1247466634556935
PLOT-015754,3.5665680688367853
PLOT-017451,1.724400087056928
PLOT-016327,0.5335263699805054
PLOT-015639,1.2188246985317897
PLOT-017749,6.828482595239278
PLOT-015043,2.138735596457198
PLOT-015007,2.2562515053845202
PLOT-018070,2.9628243134796906
PLOT-017383,3.69627940518604
PLOT-015471,0.8623084833990583
PLOT-015421,2.4561831594820838
PLOT-017310,3.284112203045802
PLOT-015189,3.247003855023429
PLOT-018619,3.6354506738413725
PLOT-018662,2.1614452208157107
PLOT-015905,2.260286070549151
PLOT-017729,2.4849117380651404
PLOT-018049,5.634008149617449
PLOT-018258,5.930345373987306
PLOT-015464,5.493011922860626
PLOT-017950,2.7159764758101006
PLOT-017629,3.115424193592008
PLOT-018281,1.0462544478203277
PLOT-017334,2.025651762650072
PLOT-016435,4.271515265986292
PLOT-018689,0.27077376434355005
PLOT-016965,3.216032468265114
PLOT-015065,1.8990710589476378
PLOT-017043,0.884955450049658
PLOT-017373,0.9501194639255808
PLOT-015432,2.394851088679203
PLOT-016432,2.111330912784272
PLOT-015101,2.3228325908871037
PLOT-015048,1.6268292466996617
PLOT-018103,1.2783525060810814
PLOT-018214,1.9931265780545215
PLOT-016847,3.3476360816667183
PLOT-018171,3.057412568445986
PLOT-017285,2.3186421190099
PLOT-017385,1.0765949045756573
PLOT-016777,3.0815813983341225
PLOT-017695,4.029173439489654
PLOT-018153,2.3627283181394234
PLOT-015828,1.5318270048666054
PLOT-017355,3.266538474061978
PLOT-015129,5.530800546018265
PLOT-018054,4.1042669324380725
PLOT-017085,4.115598270916524
PLOT-015849,3.125774803205162
PLOT-016953,4.182921650526843
PLOT-015315,1.320991255795558
PLOT-016647,2.8469621839329866
PLOT-015237,1.9242940194924045
PLOT-018319,1.9856663133120929
PLOT-016873,0.7795540785818978
PLOT-017974,4.300677214841886
PLOT-018443,3.462298588012184
PLOT-018365,1.0010006743765758
PLOT-017505,1.1787087489170853
PLOT-015522,1.9416949409178004
PLOT-018745,2.4527217009731563
PLOT-015054,1.792961377594831
PLOT-017102,3.3349100194864487
PLOT-018242,3.70266887947284
PLOT-017265,5.897350007563314
PLOT-016109,2.705561744533758
PLOT-018447,4.48989270609439
PLOT-016193,2.4192522696486876
PLOT-016481,1.589664943398797
PLOT-015382,2.4053093311997884
PLOT-018343,3.5757575016910677
PLOT-017919,3.5776056995116154
PLOT-015157,5.203424679979282
PLOT-018502,2.930570270930023
PLOT-017858,1.9515706398675767
PLOT-015558,1.551454110047666
PLOT-015835,3.190607935624639
PLOT-018622,2.005287852013543
PLOT-015463,3.6932487156548746
PLOT-018368,1.3665303537456583
PLOT-018391,1.1612729756875255
PLOT-018371,0.9123948079652232
PLOT-016991,2.3038520511878584
PLOT-017973,5.834548218845958
PLOT-018296,3.375864051244718
PLOT-017471,2.7912053835458637
PLOT-017186,0.48118601543640377
PLOT-017409,1.8712326166033397
PLOT-016874,2.212408625705597
PLOT-016806,2.975206993518979
PLOT-015595,5.1228314872467
PLOT-016085,0.8012413143973167
PLOT-018020,3.275656463436755
PLOT-018746,5.365039609630356
PLOT-016815,2.5194413150269677
PLOT-016770,2.6485390067498646
PLOT-017325,2.660279987270668
PLOT-017782,3.8605063920305964
PLOT-015367,3.850796538722598
PLOT-016232,2.2725758948913746
PLOT-018220,2.67315906814568
PLOT-016601,0.8955185675464705
PLOT-016877,2.81373340742375
PLOT-016671,2.3611667670676546
PLOT-015097,1.496375753694233
PLOT-015860,0.6191654838860474
PLOT-015364,1.6623686080796902
PLOT-017091,2.5336014376952183
PLOT-015381,1.811926863710542
PLOT-018647,4.873817448747768
PLOT-018469,3.0400860529704112
PLOT-017336,1.6680145971469618
PLOT-015028,1.726633210235394
PLOT-016098,1.045777749749517
PLOT-015447,5.562297579448856
PLOT-017820,4.192650077478945
PLOT-015820,2.7505072575440903
PLOT-018170,4.292593068149499
PLOT-017406,3.1989475108627636
PLOT-017123,2.5927510974987555
PLOT-017638,3.5763343137132257
PLOT-017678,2.113631894447254
PLOT-017195,1.4718386647104027
PLOT-016622,1.7514172250259903
PLOT-018173,2.1816466590388006
PLOT-015721,1.779809588231463
PLOT-017714,1.7025333761346781
PLOT-017539,2.6702560683617302
PLOT-018397,2.4753019622558816
PLOT-017423,2.10668466201267
PLOT-016691,1.1484615918606313
PLOT-016642,1.286561473700037
PLOT-015779,2.3761244496925995
PLOT-017196,2.9768106654807576
PLOT-016023,1.7531169659576955
PLOT-018288,0.586629992023736
PLOT-015004,2.0825857208107936
PLOT-015428,1.4457336921814927
PLOT-016947,2.4388900895078955
PLOT-018660,2.3016797527458657
PLOT-016467,2.495915681686374
PLOT-015516,1.2252766260941104
PLOT-017573,3.497077612259025
PLOT-018058,3.233989753597078
PLOT-018416,3.084315717597275
PLOT-015350,3.309336893865257
PLOT-016805,2.7189901424526384
PLOT-018191,2.3387695830349946
PLOT-016683,3.69352003011706
PLOT-015660,2.3479163654863737
PLOT-018430,1.7730435217382035
PLOT-018005,0.5849889771886159
PLOT-017837,6.04207981341215
PLOT-015899,2.356977947059072
PLOT-017525,2.3456982074577355
PLOT-017969,2.8921004622725524
PLOT-015158,2.0577233875894705
PLOT-015383,3.082362477546771
PLOT-016721,2.197091552636288
PLOT-018356,0.8667338490566462
PLOT-015140,5.299837072373465
PLOT-015465,2.8573452051411996
PLOT-017766,1.7199028233879343
PLOT-018587,0.7473521612047721
PLOT-015299,1.9866142563505254
PLOT-015397,2.2167420354044904
PLOT-016615,6.178008138307241
PLOT-015934,3.603873178815526
PLOT-015887,2.6520455804840464
PLOT-017283,2.8067799415100914
PLOT-018150,5.5481280270814475
PLOT-016922,4.555152233971981
PLOT-016033,3.07564625322421
PLOT-016776,4.580774647009263
PLOT-018062,3.804122487271681
PLOT-016634,1.3688458333286113
PLOT-016048,2.915044481197796
PLOT-018157,1.9565625638460493
PLOT-017537,3.3848176702860493
PLOT-016528,1.232443911523809
PLOT-018120,0.940424124017298
PLOT-015846,1.9680530252960544
PLOT-015251,4.772651930992609
PLOT-017037,2.0582074185428154
PLOT-018669,2.051553141957638
PLOT-015806,4.282483999721039
PLOT-016552,1.6374848672103854
PLOT-017966,2.2729565930020987
PLOT-015715,1.0662296138770506
PLOT-015336,2.082653589639477
PLOT-016659,2.021609998790757
PLOT-015987,4.095002242994512
PLOT-018505,2.7134186429178366
PLOT-017993,2.910563238927831
PLOT-015195,2.2998738436112602
PLOT-017732,4.292460936854035
PLOT-017551,1.4114583973053987
PLOT-016857,2.125737087578079
PLOT-016044,1.731395057344329
PLOT-015279,3.593317615716462
PLOT-015096,3.916605324249016
PLOT-016521,2.418009599040154
PLOT-015441,5.844569297976414
PLOT-016196,2.7167273071477624
PLOT-016812,3.3362557472183387
PLOT-016796,3.0746593376357274
PLOT-016042,2.718509466608874
PLOT-017922,2.930167558921049
PLOT-018247,2.110712212239038
PLOT-017132,2.918228433001921
PLOT-015330,1.17742573640669
PLOT-015392,3.4649189924574686
PLOT-018601,3.2043233826273734
PLOT-018315,1.57511140649824
PLOT-016515,4.878290568006607
PLOT-015861,2.9372295965327595
PLOT-015745,2.2571425029941112
PLOT-018347,1.2829285586304742
PLOT-017878,1.5200883405591612
PLOT-016111,2.0902594827543126
PLOT-015327,3.5950901258774706
PLOT-016119,2.1834366923020796
PLOT-016088,3.362824603138309
PLOT-016897,4.501334737553142
PLOT-017958,1.065748252891294
PLOT-018625,1.8778088943564726
PLOT-018595,1.5171751868661902
PLOT-015003,2.221363914046683
PLOT-015594,3.2365261714990305
PLOT-018522,4.398411539386108
PLOT-018290,2.2967180219248884
PLOT-016490,2.9524698367966216
PLOT-018277,2.4099930344984584
PLOT-016870,1.35476436056356
PLOT-015549,2.763804667415109
PLOT-015556,4.720117448534077
PLOT-016358,1.4889833109089743
PLOT-018163,2.116198956555315
PLOT-015541,4.067261149653745
PLOT-018433,3.585451977269073
PLOT-015252,4.3172472064920315
PLOT-015264,2.11496430840627
PLOT-017622,0.884653348521504
PLOT-016471,1.790179759254203
PLOT-016234,2.551591272974982
PLOT-018679,4.126734886626138
PLOT-016401,0.0586726897275236
PLOT-016853,4.121682264199059
PLOT-017094,3.853257216543557
PLOT-015918,3.411181199227663
PLOT-018310,1.8683405976393028
PLOT-016064,2.8262848022271276
PLOT-016533,2.3856985118577296
PLOT-017579,3.177303680598146
PLOT-015300,4.676336784610885
PLOT-017743,2.185896747038914
PLOT-017326,1.7563798960399923
PLOT-018033,2.677199181702189
PLOT-015553,2.7453579054744126
PLOT-016512,1.368857544292716
PLOT-018260,2.3955899291749083
PLOT-015467,2.0873655184841637
PLOT-015344,2.7902475896169388
PLOT-017508,2.1736021338138025
PLOT-018654,2.484922006806005
PLOT-018513,2.726962901388963
PLOT-017654,4.058900746783489
PLOT-018031,2.0659888865307883
PLOT-016417,0.4291543931309435
PLOT-017673,1.4578530451928893
PLOT-017028,3.0300531147203196
PLOT-016448,4.567837325621359
PLOT-015166,1.5206716071975095
PLOT-016706,1.1705446191946147
PLOT-016338,3.5801865108283137
PLOT-017441,0.830166294276771
PLOT-017307,6.97328572501744
PLOT-018004,2.2697595887593374
PLOT-018189,2.9953481368223556
PLOT-018221,1.4109065534062344
PLOT-015439,2.6275255157567323
PLOT-017288,4.637435364632877
PLOT-015021,2.6158306584914977
PLOT-018060,3.4304073724932227
PLOT-017401,2.413747848845821
PLOT-016079,1.0062345099788739
PLOT-016918,0.3605973783748709
PLOT-018279,0.7756061337502188
PLOT-017215,3.527043823236626
PLOT-017883,2.4074670959825237
PLOT-016227,4.749439082708051
PLOT-018193,2.5226425412297178
PLOT-016650,3.2155698041027208
PLOT-017073,3.639111436303356
PLOT-016213,1.9895650276993493
PLOT-016544,1.9873726136787826
PLOT-016807,5.903163984739974
PLOT-015313,4.058163105517093
PLOT-015487,0.98962676054889
PLOT-015229,3.7703924725605713
PLOT-017570,2.793196074687149
PLOT-017149,4.020141539873039
PLOT-017512,1.941224318086565
PLOT-017415,1.0518492665043424
PLOT-017671,2.5554837111137143
PLOT-015286,1.8038605738673883
PLOT-017416,1.6022745661940734
PLOT-016698,1.2688711003223683
PLOT-017791,4.585336857694362
PLOT-016653,3.1488604164699123
PLOT-016901,3.654863995526312
PLOT-015810,4.058519121381643
PLOT-016693,3.210837886655097
PLOT-017795,3.7750808763812698
PLOT-015431,1.9370406454703708
PLOT-018618,2.276864994260396
PLOT-017691,1.3380589607589584
PLOT-018688,2.878073623974037
PLOT-016368,2.3202704891639083
PLOT-015620,0.9038780889774132
PLOT-017145,3.0786280040203864
PLOT-016520,3.99881247929298
PLOT-017880,2.9853005576277787
PLOT-015936,2.1313794379265145
PLOT-016205,2.7473469641688313
PLOT-016202,2.7437946924348133
PLOT-018695,1.8103891454499692
PLOT-018377,0.8043707083983674
PLOT-018578,0.8300208315393237
PLOT-015130,2.183171882947175
PLOT-015521,2.2221981137904847
PLOT-015955,6.803655798256987
PLOT-015913,3.4801715385513803
PLOT-015859,3.474646938117695
PLOT-016854,2.507881780468649
PLOT-016315,2.6572503711567625
PLOT-017154,3.6054359284380997
PLOT-018613,2.1230437467549175
PLOT-015127,1.9900335231740085
PLOT-015284,4.151969346523079
PLOT-018138,3.581101711123954
PLOT-015978,3.26231390325259
PLOT-015623,4.343238199784229
PLOT-018735,3.693334925016239
PLOT-015688,2.8601826234546475
PLOT-017370,1.0962652297440851
PLOT-016366,2.7194184563563657
PLOT-017500,2.1885323848010683
PLOT-015995,1.7305155997995183
PLOT-018380,4.213701688134997
PLOT-017850,0.9475107437135508
PLOT-018112,1.1486614332229645
PLOT-017267,2.3299128231398702
PLOT-015610,3.1108818007332553
PLOT-015458,3.0354795171788114
PLOT-017785,2.0856274029551063
PLOT-018676,3.025562528474997
PLOT-017158,1.3058074081467608
PLOT-015462,2.1860528884976405
PLOT-016573,2.9507063825715627
PLOT-015792,0.7196576095030255
PLOT-015504,2.4862023520546486
PLOT-015308,5.560711538405432
PLOT-017193,2.806679240785599
PLOT-015363,4.342621197970792
PLOT-015579,1.704289086472303
PLOT-015105,1.278335882541607
PLOT-016705,2.830828864736226
PLOT-017862,1.615644906287129
PLOT-016132,2.9477918509616265
PLOT-015507,2.1930424323830873
PLOT-017268,2.4482876114970527
PLOT-016011,2.3463528072366127
PLOT-018604,5.160006688822465
PLOT-015946,3.061643966880412
PLOT-018284,2.658681739077234
PLOT-017040,0.6054135351836776
PLOT-018444,3.0078674378766794
PLOT-017206,3.127729864081396
PLOT-016336,1.5239423758204047
PLOT-018381,0.9203257818456673
PLOT-017522,1.4571682551314156
PLOT-017613,3.1369431980628937
PLOT-018439,3.9745627011458873
PLOT-015188,1.882641860863091
PLOT-016793,4.113401031964278
PLOT-017261,2.1770650708545816
PLOT-017657,1.3799658492563958
PLOT-017609,3.2740119387127904
PLOT-017589,3.7711482256255517
PLOT-018624,1.8822839925068007
PLOT-018576,2.7557098214751288
PLOT-017635,2.4189300614007503
PLOT-018175,3.3273158949780233
PLOT-017886,3.1188493611546053
PLOT-016959,1.2768233927342987
PLOT-015976,1.890923599347312
PLOT-016707,6.8723120641353646
PLOT-017290,1.471983756681716
PLOT-017255,1.5454604244061898
PLOT-016818,2.393865574789359
PLOT-015862,4.394130880205802
PLOT-016173,1.1215023142128362
PLOT-016651,3.6087675981359593
PLOT-016340,5.204686257208415
PLOT-018546,1.691983826776765
PLOT-015281,1.0905325495545317
PLOT-016509,1.9807736550201136
PLOT-016832,1.179736236496316
PLOT-017571,2.1129714744446444
PLOT-016115,0.5975266326900024
PLOT-015353,1.5441978003665175
PLOT-016034,0.738245264298723
PLOT-015731,4.392012248687393
PLOT-016445,1.274684460548508
PLOT-015702,1.5292800635259842
PLOT-018635,3.735948585657021
PLOT-018691,1.616876973708201
PLOT-018194,3.1782176366099097
PLOT-015160,5.8180384791055095
PLOT-018154,1.832851548818332
PLOT-016881,3.217614565476519
PLOT-018206,1.3703508594161062
PLOT-018742,3.127143757214182
PLOT-016678,1.724686976348372
PLOT-016137,4.402236832888816
PLOT-016385,2.875830153602379
PLOT-016198,0.6052129457833351
PLOT-017237,2.2560780255049453
PLOT-015501,1.9157946021012193
PLOT-017076,1.7223312091436314
PLOT-017376,4.275182869009095
PLOT-015162,2.6407854764051737
PLOT-018700,2.6465883538131547
PLOT-017152,0.650747379557322
PLOT-017358,1.5337405296492592
PLOT-015185,2.147532684882612
PLOT-015459,1.3555711071870165
PLOT-017057,3.266659103437615
PLOT-017387,1.615216658428711
PLOT-016007,2.5210645665826155
PLOT-016008,5.459960072078152
PLOT-017588,1.745696811036385
PLOT-018237,2.0715518574764658
PLOT-018374,5.428907320199341
PLOT-017388,2.113601067675795
PLOT-016890,1.0529703630619451
PLOT-017270,2.1235449086735967
PLOT-016287,2.1841485671203635
PLOT-015368,2.4758212159923896
PLOT-016168,1.9893663208582175
PLOT-016402,3.0220443861069843
PLOT-016925,4.240957031458473
PLOT-016318,2.480543523194019
PLOT-015493,2.012787249033365
PLOT-015231,2.702887192267405
PLOT-017623,1.9620394284225098
PLOT-015333,1.7954977842738167
PLOT-016475,2.856845210906589
PLOT-017882,2.3186478614124333
PLOT-015788,1.8875303641986059
PLOT-016138,2.7259257502107612
PLOT-018082,4.581266967876042
PLOT-018131,2.743575664656009
PLOT-017694,2.675489710578907
PLOT-017868,1.3010305706948972
PLOT-015380,2.055702836950686
PLOT-017554,4.37854998817176
PLOT-017713,2.1856001567794667
PLOT-015067,3.963877418929708
PLOT-016979,1.4706901379299517
PLOT-017271,3.0251232474896037
PLOT-016882,0.8097801054354501
PLOT-015477,2.4874478481343565
PLOT-018069,0.6576931478427591
PLOT-017976,4.295211314509166
PLOT-018048,2.842542859966264
PLOT-016172,2.2088916361900166
PLOT-018086,0.5292850025141619
PLOT-017599,1.048095679102196
PLOT-016281,1.0992704693821773
PLOT-015425,1.6246553049461658
PLOT-016602,0.9773325987775201
PLOT-017224,1.8391192065524622
PLOT-015207,4.218711311925043
PLOT-016333,1.7550173510005878
PLOT-015199,2.39932953775253
PLOT-018659,3.8122255989548304
PLOT-018556,2.692510549089396
PLOT-016938,2.804312403197037
PLOT-015881,3.6277860867777045
PLOT-015143,2.9718749684347925
PLOT-016772,1.2766449268420312
PLOT-016580,1.8891265542207398
PLOT-018580,2.3728791535093734
PLOT-015249,1.6271401162935444
PLOT-018294,2.184078908246511
PLOT-017392,1.982305341065699
PLOT-016454,3.430647181838233
PLOT-017424,2.9227198967041037
PLOT-017633,0.8310223060813715
PLOT-015417,1.7017337348790629
PLOT-018569,2.248085108993815
PLOT-017722,2.3893553485565997
PLOT-017669,2.69498471446971
PLOT-017245,2.7987729117261555
PLOT-017515,1.3384758146453788
PLOT-017357,1.9845151607268006
PLOT-017972,1.4715212675858804
PLOT-018230,1.3549297863096728
PLOT-017979,1.8319326314134732
PLOT-016128,1.1096902002657136
PLOT-016522,1.104223965376179
PLOT-017495,1.9636495080949976
PLOT-017483,1.866797531559595
PLOT-016485,3.1960082003293744
PLOT-016990,4.949836271369194
PLOT-018043,5.1386553961032355
PLOT-015912,2.9908812592548415
PLOT-015326,2.4429852012760906
PLOT-017171,1.0900053874391988
PLOT-015083,1.8645214357943738
PLOT-015765,3.015431369891
PLOT-017422,3.399588167115147
PLOT-017676,2.9961666780218508
PLOT-015102,2.0143498985283377
PLOT-015146,1.7444547723545434
PLOT-016133,2.270564862982604
PLOT-018064,3.205774755279137
PLOT-015394,2.726767390130926
PLOT-018384,5.1041109480790965
PLOT-017217,3.5262850001258936
PLOT-017805,2.168495802719257
PLOT-018557,3.093576786421242
PLOT-016221,2.246902067409569
PLOT-017317,1.8978612736114917
PLOT-017869,3.3662007090417863
PLOT-018682,4.965790841301755
PLOT-016288,2.4708922690758293
PLOT-015321,0.9036046343561019
PLOT-015111,2.485073476543367
PLOT-015588,2.967413900147567
PLOT-016957,3.535474301020158
PLOT-018219,2.869955278198778
PLOT-018705,1.5655550052431664
PLOT-018074,1.7386950059972295
PLOT-017616,1.0369575623068286
PLOT-016478,2.6004183842523267
PLOT-017397,3.347691535522388
PLOT-015136,3.813164861539443
PLOT-016158,3.1271392714029527
PLOT-015653,4.709224864161253
PLOT-017391,2.6443630942240017
PLOT-017431,4.086539940141701
PLOT-017935,4.608394434251434
PLOT-018019,5.052006598754716
PLOT-018146,3.0122073797136353
PLOT-016047,2.7160495481311973
PLOT-017661,3.9619434412052654
PLOT-017547,2.721800915351213
PLOT-016530,3.1861516355538413
PLOT-015930,0.7566894321690937
PLOT-016464,2.052583982446981
PLOT-016875,1.6472685917173189
PLOT-015220,2.2651091791890865
PLOT-017136,4.1081959539617205
PLOT-015927,2.7266114570900988
PLOT-017463,3.54705835688162
PLOT-016453,3.6918374594598657
PLOT-017540,1.3866349561135116
PLOT-017788,2.7849102854337238
PLOT-016945,1.9108655171251396
PLOT-017684,5.943922218902738
PLOT-015533,1.0295629634122914
PLOT-017901,4.131438159698324
PLOT-015606,1.2692802398533838
PLOT-015074,5.372335412862651
PLOT-016764,3.3931566215430413
PLOT-015648,2.104849346071773
PLOT-017653,2.0391528194312936
PLOT-016322,2.1498718633788325
PLOT-016576,2.699954289370876
PLOT-017209,1.3339508532568864
PLOT-015113,2.2885197194232223
PLOT-017963,1.8319543104854377
PLOT-015986,2.2953322217382905
PLOT-018126,1.5742312926915163
PLOT-015747,2.710009780123616
PLOT-016863,1.6849133265878145
PLOT-015222,5.248051749248447
PLOT-015518,2.3289464433094986
PLOT-016348,2.518655503732212
PLOT-016502,1.6417187756454934
PLOT-017666,2.4239189368859875
PLOT-016665,4.034596877612992
PLOT-016555,1.8873225931349054
PLOT-018528,2.912701757468213
PLOT-017725,3.10852547414301
PLOT-015035,2.0179906664075893
PLOT-015830,2.5694853205232437
PLOT-017175,2.555687757108527
PLOT-017631,2.1961653889587702
PLOT-016761,2.2920759806743267
PLOT-015347,0.8122098532975228
PLOT-015167,0.8644371411611204
PLOT-018253,3.8144126340347575
PLOT-015116,2.0531989420395265
PLOT-015530,3.6220450774420185
PLOT-016394,1.223356420060808
PLOT-016028,2.629262233400159
PLOT-018599,2.504126505157337
PLOT-017445,2.1458923855899785
PLOT-018529,3.2678386415965304
PLOT-017872,4.095044814598621
PLOT-018550,1.8898649935662333
PLOT-017659,1.0031235807941663
PLOT-017702,2.4441897008268385
PLOT-016779,2.797019055979447
PLOT-016025,2.216369084971689
PLOT-015081,4.122507821265103
PLOT-017162,3.159077653704748
PLOT-017030,1.2500123381023998
PLOT-018728,1.484508070241532
PLOT-018180,3.6580449890193734
PLOT-016476,3.9762209597347966
PLOT-018197,1.0477364353258973
PLOT-016477,1.0454181085408623
PLOT-017510,3.052314697487499
PLOT-018582,2.174231825397273
PLOT-016886,2.118456342392914
PLOT-018231,2.7661078383662465
PLOT-016629,2.452861305281605
PLOT-017464,4.148570799719603
PLOT-015040,3.4065267169567424
PLOT-016704,3.68227074890505
PLOT-018308,3.8379750580111653
PLOT-017859,2.6074057659380525
PLOT-015311,2.823501149439667
PLOT-016631,2.2393636668729235
PLOT-017218,2.5884705698434143
PLOT-017067,2.9055611885027646
PLOT-016426,3.684066476012276
PLOT-017002,1.9927026729791641
PLOT-015357,2.3046255976455563
PLOT-018473,1.8615517336000655
PLOT-018372,1.6606182417608806
PLOT-016827,1.2648980257292997
PLOT-015128,1.849200772791758
PLOT-016009,4.529725836670201
PLOT-016813,0.7885164293817266
PLOT-017244,3.1025799977976116
PLOT-015657,1.326285153558615
PLOT-016246,2.9770461175026544
PLOT-018472,1.773456381480877
PLOT-015201,2.0125737265025516
PLOT-018543,4.417671634492144
PLOT-016421,2.2354477823052874
PLOT-018190,3.1322675704398457
PLOT-017757,2.4714482360226784
PLOT-018545,2.2593151834942304
PLOT-017964,0.9413827623406958
PLOT-015593,3.707808867736322
PLOT-015970,3.9833859435064234
PLOT-015202,1.919276773089705
PLOT-018137,1.694545172454607
PLOT-016974,2.087848550473235
PLOT-017480,1.1077141077855022
PLOT-018524,1.2383685262037765
PLOT-017382,2.7464108177004563
PLOT-017252,1.6607969235269564
PLOT-016980,1.3998905762715053
PLOT-018427,1.4876114638798603
PLOT-017941,3.995030982423427
PLOT-016187,2.476908918953354
PLOT-015351,2.689077779073251
PLOT-016755,4.515472080884501
PLOT-016595,1.6231114080665423
PLOT-015042,3.139900057355528
PLOT-018026,2.636108374289888
PLOT-016273,5.182273069659907
PLOT-015574,1.9151463648523155
PLOT-016920,3.7161043507565843
PLOT-018224,2.239414431738868
PLOT-015856,2.8210812925819297
PLOT-017141,3.4722586186371553
PLOT-017047,0.9644723623989665
PLOT-016808,0.8998007766460687
PLOT-018125,0.760048223894262
PLOT-016898,5.122416830170778
PLOT-016846,2.7799693863980663
PLOT-015875,3.6790945734163563
PLOT-015103,1.326866696860865
PLOT-017506,2.5549004038676983
PLOT-015604,1.8077801654809926
PLOT-018597,1.480115921768456
PLOT-016233,2.6185611080039086
PLOT-017959,6.06628229891489
PLOT-016433,2.1961137820754195
PLOT-015384,2.3062128484751714
PLOT-015893,4.326633380298935
PLOT-015056,4.06638735470504
PLOT-015711,2.047238266592471
PLOT-018461,1.8625452754560707
PLOT-015355,3.0913364910264374
PLOT-016842,2.552649506693492
PLOT-016018,1.5953039363235557
PLOT-018645,1.2236555701336596
PLOT-015307,5.5777619692068
PLOT-015813,1.1044211359702092
PLOT-015041,1.9832306776090407
PLOT-018421,3.310278298129061
PLOT-016405,4.824704291396112
PLOT-016681,4.377957904678722
PLOT-015882,2.587803732270777
PLOT-017220,0.7875329810906362
PLOT-015698,2.2155953339966943
PLOT-017364,2.0169537796464807
PLOT-018233,2.340337662858859
PLOT-017051,4.243288013305201
PLOT-017378,3.1012205923140606
PLOT-015215,2.792890456760639
PLOT-017146,2.6223698225022494
PLOT-016370,2.1054747260648026
PLOT-016566,0.7298980870237757
PLOT-018702,2.872051693935881
PLOT-017360,0.9510976702882945
PLOT-016516,1.0672711701283415
PLOT-016766,2.7864405092632167
PLOT-017452,1.5043128007571074
PLOT-016037,2.0369366763884447
PLOT-016510,2.5600467282611974
PLOT-015411,3.6041653015204838
PLOT-017981,1.1604069523492269
PLOT-016301,1.5450939512190787
PLOT-016296,2.192560177944931
PLOT-018498,2.3129681953259658
PLOT-017601,3.0554060402088474
PLOT-018566,3.9765249200213093
PLOT-015758,3.127255172538384
PLOT-017212,3.0269488954353903
PLOT-016317,2.1789621327381856
PLOT-015073,4.9703917002054165
PLOT-015025,2.3046644164673302
PLOT-017208,3.1367049399696505
PLOT-016126,4.065479099753776
PLOT-016139,0.9393170844235729
PLOT-015505,2.0123946170890346
PLOT-016560,2.216266564973997
PLOT-017230,3.128566640089552
PLOT-016120,2.451967266850572
PLOT-018414,0.9532484243012554
PLOT-015586,2.11163212368666
PLOT-017909,3.3761848006693365
PLOT-015611,1.704833083328455
PLOT-016089,2.4984981062621174
PLOT-016535,3.055470382267456
PLOT-016408,3.6280019477749574
PLOT-015348,1.2348337460628447
PLOT-015885,2.6948770870290595
PLOT-018644,2.5926751951164246
PLOT-018087,2.669858762262815
PLOT-015782,5.792703396823736
PLOT-018246,2.118804262637524
PLOT-017458,4.185809331033428
PLOT-015629,2.8553878293196693
PLOT-015408,3.1485894369284115
PLOT-015164,2.930116808445822
PLOT-017957,2.232793570592582
PLOT-016969,2.0106392495485483
PLOT-016649,3.84422263587895
PLOT-017380,3.1635031516127095
PLOT-016087,2.6088014326482774
PLOT-018572,1.8542704460485826
PLOT-018101,2.2963151991727995
PLOT-017389,3.650543942824146
PLOT-018709,4.178628039804063
PLOT-016754,0.9635952346973509
PLOT-015294,1.8175231557920926
PLOT-015965,4.362425526297331
PLOT-016822,3.2879995023487147
PLOT-018234,2.1713022646219926
PLOT-015528,4.740312755885659
PLOT-016968,2.510607874273073
PLOT-015027,2.324662876160112
PLOT-017478,6.015067691958141
PLOT-016673,4.401729082323797
PLOT-015274,4.678895142517132
PLOT-016072,3.5721764549601422
PLOT-016074,3.729539968512982
PLOT-017356,0.8789565872969969
PLOT-017494,3.150204535082662
PLOT-017405,3.4482924823651815
PLOT-017774,3.2686550542071506
PLOT-015585,2.1507939964617253
PLOT-015837,2.9622331266062543
PLOT-015710,5.6330803943641445
PLOT-017819,1.6035396671983937
PLOT-016250,2.253594825531145
PLOT-016437,2.5934548092959093
PLOT-016553,4.451855800929311
PLOT-015816,3.6176651721738318
PLOT-018694,1.190790684878034
PLOT-017427,7.596845548657223
PLOT-015957,1.9439315232269954
PLOT-015302,4.0801624836528125
PLOT-018289,2.4458522518232844
PLOT-018636,2.9763584176085254
PLOT-016063,3.287783108970674
PLOT-015872,2.540447111280841
PLOT-018271,2.8141216880357045
PLOT-017861,2.2018196675439268
PLOT-017936,3.724212452675688
PLOT-015923,2.205626716635674
PLOT-015059,3.6503010822966635
PLOT-018014,4.265329673367065
PLOT-018420,3.670074400146154
PLOT-016975,2.7906515501245672
PLOT-015023,1.9837509772581003
PLOT-017474,1.6103933047297627
PLOT-015683,3.2063320607137467
PLOT-018512,4.178918406145948
PLOT-018483,1.752563125712202
PLOT-017056,1.5755049716442278
PLOT-015228,3.539485825027723
PLOT-015489,2.126119246596963
PLOT-018201,0.8739440494363719
PLOT-015829,2.1096217456838824
PLOT-017784,1.9512011441824946
PLOT-015385,6.118154916587637
PLOT-015015,2.1082252049872126
PLOT-017399,2.89463891512199
PLOT-018541,3.4373053409914123
PLOT-016388,2.2867034888025732
PLOT-018041,1.2006783224781914
PLOT-016588,1.1671458139033746
PLOT-018445,2.413474442336405
PLOT-016751,1.792950652521887
PLOT-016150,3.477398821938412
PLOT-016304,4.235997867931501
PLOT-016231,6.5535398478532345
PLOT-016792,3.0243502588800526
PLOT-016269,3.135465727449795
PLOT-018474,1.5945688199888406
PLOT-015497,3.8249513886140707
PLOT-015352,2.904550071285588
PLOT-016838,1.176640714941522
PLOT-015001,3.127021688866998
PLOT-015285,1.7681943648454563
PLOT-016646,2.9347893551689164
PLOT-015783,0.7763628155068606
PLOT-017462,1.0602841411737451
PLOT-018321,3.6627898706279085
PLOT-015068,2.897138858744244
PLOT-015403,3.3079698256459835
PLOT-015797,1.341953708074303
PLOT-018725,2.8224655201855304
PLOT-018021,2.4338897733120466
PLOT-017023,4.106561686931338
PLOT-015177,1.5066160681925775
PLOT-015953,1.7428436742668558
PLOT-017139,3.257454067615994
PLOT-016200,2.81825021378164
PLOT-017843,2.156708727105877
PLOT-017300,1.5623282082237029
PLOT-016756,2.094585622617592
PLOT-016577,4.102091333381078
PLOT-017241,3.004096465201681
PLOT-017852,3.0857164802156904
PLOT-016507,2.0286499045443684
PLOT-016497,3.318715145724243
PLOT-017688,5.235332739436917
PLOT-015538,0.9858372514152395
PLOT-016330,1.8384185435755063
PLOT-018207,2.802747679472666
PLOT-018459,5.180443641526884
PLOT-016488,3.9188624128840712
PLOT-017018,2.441400217937506
PLOT-016744,2.6701777015978343
PLOT-017920,0.9985675762592393
PLOT-017408,2.9958473550628866
PLOT-018431,1.2930940269189464
PLOT-018563,3.9958435969137995
PLOT-018596,6.859993611544585
PLOT-015948,2.3088512841268094
PLOT-015510,2.663833974500428
PLOT-016393,0.9932157973525011
PLOT-016508,5.614703998277313
PLOT-017398,3.7420456784414156
PLOT-017808,2.8729854426655783
PLOT-016331,1.825289554783235
PLOT-016309,5.205165589206969
PLOT-018002,1.3368093113196566
PLOT-017396,1.570288177807051
PLOT-017420,1.7643311157654782
PLOT-017544,3.8206815725430063
PLOT-017354,1.4804929309240558
PLOT-017608,2.67902217582971
PLOT-015663,4.470509991786838
PLOT-015573,2.287614776678235
PLOT-017896,2.0897688071950764
PLOT-017372,2.946293426129249
PLOT-018265,1.8831383279867167
PLOT-018151,2.8721312183024588
PLOT-017485,5.774142927062021
PLOT-017187,2.395808252920031
PLOT-017584,4.228837716986294
PLOT-017045,3.3502922730507927
PLOT-015282,4.190391745949723
PLOT-015258,3.0217045872483865
PLOT-016811,2.104782980786975
PLOT-016797,2.1995163931635555
PLOT-017604,4.292434341633685
PLOT-015725,3.769852127072224
PLOT-016636,1.995950362900994
PLOT-015677,1.7906168764708235
PLOT-017489,2.563174608177274
PLOT-016152,4.164525447188613
PLOT-016346,4.750605240876315
PLOT-015055,3.2583648771176357
PLOT-017773,2.1883117619716064
PLOT-016411,2.7519946328008733
PLOT-017755,1.3696511639927056
PLOT-017214,2.674530960540498
PLOT-018583,2.5698721601588614
PLOT-016361,2.8469435756887145
PLOT-015888,2.1132363903731317
PLOT-018001,4.166976925562124
PLOT-016819,3.3709828033022955
PLOT-016972,0.7452155134763115
PLOT-015714,3.289760472149655
PLOT-018405,1.9678870437058211
PLOT-016056,3.9768298340644974
PLOT-017286,2.581911499549282
PLOT-017207,1.1188655538315524
PLOT-015617,0.8147046831528882
PLOT-015123,3.261057456317771
PLOT-018205,3.5687160025879816
PLOT-015334,3.182489740208456
PLOT-017816,3.9587920006435526
PLOT-015304,4.957565367363288
PLOT-015980,2.5740904358442895
PLOT-018329,1.9756000621659149
PLOT-015581,3.546913097170196
PLOT-016616,3.6347990423245817
PLOT-016194,1.665231063076843
PLOT-016824,1.1543910484219297
PLOT-016879,2.571355393518964
PLOT-016981,3.634609383822537
PLOT-016861,1.7877379729095768
PLOT-016350,0.7378264315352537
PLOT-015409,2.8186510795109716
PLOT-015675,1.2460494763695118
PLOT-015297,2.414097645681822
PLOT-015925,0.27487103390920076
PLOT-015022,2.7193781426595955
PLOT-018000,6.205685835742574
PLOT-017479,3.511608947836087
PLOT-015728,5.418425318911518
PLOT-016307,2.725919649638312
PLOT-015671,2.003964932087594
PLOT-016672,3.1678974372880493
PLOT-016199,2.0925693613668717
PLOT-018717,4.550148142218755
PLOT-018652,3.238856909433309
PLOT-015293,4.095394424461956
PLOT-018730,0.8350393019002261
PLOT-015126,3.113769579939512
PLOT-017247,3.4107726751203695
PLOT-017578,0.854851086174708
PLOT-017467,2.356886409459869
PLOT-015692,2.722499157204968
PLOT-015686,2.6032986032571395
PLOT-015817,3.5136160746641383
PLOT-015216,3.25543381353794
PLOT-015152,5.347640010039629
PLOT-017999,3.7861548533142555
PLOT-016992,2.857524505630234
PLOT-017605,3.600423516998367
PLOT-017008,2.3554407149308836
PLOT-015478,3.727278742021068
PLOT-016282,2.3881157500428607
PLOT-016604,4.659553604822515
PLOT-017518,1.676599182128177
PLOT-016666,3.191528622055735
PLOT-017962,4.511000517456228
PLOT-015812,2.6723569447246214
PLOT-015250,2.1059913227152633
PLOT-015843,2.934933387990756
PLOT-017125,2.08450342622218
PLOT-017857,2.196967291628274
PLOT-018640,3.1189914867488886
PLOT-015967,1.670891187697046
PLOT-017885,2.7377897244878255
PLOT-015972,2.543091100874633
PLOT-016896,1.8203767704677465
PLOT-017235,0.6317397778606282
PLOT-015246,2.911821507782257
PLOT-017203,1.8494072197784455
PLOT-018641,2.063103383879128
PLOT-018307,1.8992598167540318
PLOT-018379,2.8201364887381057
PLOT-017331,4.07879300430364
PLOT-018744,0.13058630414281935
PLOT-017585,4.083021740336141
PLOT-018272,2.2850304791473097
PLOT-016505,1.8534372770642624
PLOT-016345,4.525393520239724
PLOT-018091,0.9859349268625358
PLOT-015975,2.9448980956510655
PLOT-017686,1.7375907104621766
PLOT-016645,3.1239710956123785
PLOT-016679,2.2970084502666226
PLOT-017697,2.611653272277103
PLOT-015122,1.6976094162367097
PLOT-016534,4.492033773942045
PLOT-018044,0.5221592229258065
PLOT-018169,2.7564650054734368
PLOT-017967,4.197384814917248
PLOT-017100,4.1306768886786465
PLOT-015869,3.376559696818567
PLOT-018646,1.963770318929343
PLOT-016030,5.413014328822093
PLOT-015756,4.002523497560297
PLOT-016998,2.9786211838776206
PLOT-016156,1.3166001506483422
PLOT-017115,3.4212993342473346
PLOT-017817,3.028783656031554
PLOT-015332,3.2453070465173988
PLOT-016592,2.5736646332071156
PLOT-017384,3.120660265596153
PLOT-016575,2.8323253579791485
PLOT-017683,2.5542641356272657
PLOT-015472,1.8342487082350836
PLOT-015901,2.638939910549677
PLOT-015865,2.4078918779922556
PLOT-016329,5.154516787581454
PLOT-016342,3.987596932261456
PLOT-015741,2.5611261449724476
PLOT-018478,1.991880082608961
PLOT-018291,3.2140337089515225
PLOT-017180,2.5503067839979243
PLOT-018484,4.640579345494544
PLOT-017562,1.5846929494684627
PLOT-016628,3.7759767155975767
PLOT-017806,3.231255744553718
PLOT-017438,4.9543404165293605
PLOT-016149,2.7437110574758132
PLOT-018045,1.7873318049380738
PLOT-018164,3.028238897730202
PLOT-015256,4.625670908107105
PLOT-015633,3.2250858277082948
PLOT-017337,1.761966974186115
PLOT-018009,1.8629032915212385
PLOT-015777,4.242752379263223
PLOT-017953,0.9664370313520053
PLOT-017101,1.713251358347878
PLOT-015557,0.9244078430811162
PLOT-018481,3.7028434852273726
PLOT-016985,2.2719939135907805
PLOT-017088,3.575190388496637
PLOT-015261,2.931756141739906
PLOT-017131,2.27687287869368
PLOT-018011,4.0539748662860635
PLOT-018040,3.1383104140342954
PLOT-016889,2.833156077228499
PLOT-017532,5.000065585786876
PLOT-017078,1.9853169622029725
PLOT-018034,4.610023656280967
PLOT-018436,1.1289127248630453
PLOT-015208,3.5223588175567073
PLOT-018349,1.4364756422391445
PLOT-016913,2.901027424994119
PLOT-016606,3.1384739948813998
PLOT-016020,0.9869763212067413
PLOT-018348,3.4965115524285038
PLOT-016403,3.579655733181501
PLOT-017555,5.781439802323798
PLOT-017096,1.271419011839791
PLOT-015209,1.0907563188921081
PLOT-015153,2.0396320867993363
PLOT-017881,2.2301498515614426
PLOT-016590,2.69611177725702
PLOT-017442,3.407602977080419
PLOT-016147,3.4730544992968935
PLOT-016967,2.6329482366674117
PLOT-017316,1.2165138078917768
PLOT-017433,1.8905911963354558
PLOT-016633,2.234944777495123
PLOT-017089,3.418684066931978
PLOT-015597,3.702917795833505
PLOT-016931,4.508395659510242
PLOT-016656,3.0806935577587056
PLOT-015680,2.1570152258380175
PLOT-016565,2.4958522263478096
PLOT-018275,2.686775132024596
PLOT-016328,3.093558045500883
PLOT-017087,2.45954034702968
PLOT-017753,2.716101253998426
PLOT-016518,3.02759307286934
PLOT-017287,2.0072127514795275
PLOT-018713,4.059133382946571
PLOT-015221,3.7276639481198566
PLOT-015225,1.7503711900423586
PLOT-018577,3.986974879794421
PLOT-018166,5.291501908976702
PLOT-017517,3.788928504984137
PLOT-017642,2.092533041638174
PLOT-017393,3.501461967875264
PLOT-016760,3.0728802211810073
PLOT-016360,2.15751022813913
PLOT-017324,2.2709461315836568
PLOT-018155,5.200941144471917
PLOT-017802,3.186036187598542
PLOT-016492,5.248084392703857
PLOT-017744,1.6504347593401385
PLOT-017763,0.874125575324575
PLOT-017009,3.757122038458395
PLOT-015205,3.0997145605132976
PLOT-016027,2.0532830826460224
PLOT-018540,3.428370388544977
PLOT-017596,1.4324645833159457
PLOT-016046,3.2281901892846854
PLOT-015693,3.7867576154167804
PLOT-017956,3.853677775063819
PLOT-018549,1.3494764875648118
PLOT-016186,3.7388858790697777
PLOT-016369,2.925762671244203
PLOT-016907,3.233848238322468
PLOT-017726,0.9583356650974233
PLOT-015016,1.6080663462198688
PLOT-017514,1.4795151258205494
PLOT-017205,2.1703325801715563
PLOT-018729,1.9845496924363528
PLOT-016676,1.1202785844524048
PLOT-016184,5.1167586633547915
PLOT-017353,2.271293226796471
PLOT-015656,2.6055365686628007
PLOT-016571,2.5940046827484404
PLOT-016737,4.0554956407287435
PLOT-016419,2.041763132779548
PLOT-015399,2.6450135379346817
PLOT-015618,3.240564300605444
PLOT-015508,0.6884688294359004
PLOT-018106,4.427080983066159
PLOT-018437,2.863455933290017
PLOT-017960,3.803238769119357
PLOT-015867,5.261477722860485
PLOT-017507,2.457944618281336
PLOT-015886,2.5857334540175083
PLOT-017110,2.935502462556578
PLOT-015599,4.843652038338839
PLOT-017658,3.817215410109975
PLOT-015457,1.7033395058763146
PLOT-017618,1.5147019358250218
PLOT-016117,2.670632664227812
PLOT-015870,3.901820695931481
PLOT-015790,2.5428230838703496
PLOT-017260,2.738821238002316
PLOT-015954,1.0449451400705354
PLOT-015650,4.739271416719152
PLOT-015733,2.3983528533109513
PLOT-018533,3.4784435903884794
PLOT-015379,1.5747726147024808
PLOT-017612,1.961438853591624
PLOT-018030,2.824373322624328
PLOT-015956,2.8667745649557737
PLOT-015171,2.11799710327647
PLOT-016944,2.714834282969504
PLOT-017279,2.6628716031767694
PLOT-015659,3.0478920458110137
PLOT-017430,3.290850515499584
PLOT-017528,0.7054422481093822
PLOT-017120,2.040251511117785
PLOT-016094,1.5585481267920156
PLOT-018068,3.4292635309307222
PLOT-018707,2.0774580848352358
PLOT-017219,2.653108539146598
PLOT-015642,2.0616106600705426
PLOT-015168,2.214567277654335
PLOT-016517,3.2455632432054715
PLOT-016800,3.964555281041327
PLOT-017682,2.728446738620252
PLOT-016917,2.628061384312016
PLOT-015272,5.208432718330875
PLOT-016215,3.5880601810276165
PLOT-017468,2.5315853677703513
PLOT-016118,2.578862404922343
PLOT-018098,5.80360018423678
PLOT-018350,1.9513069582220035
PLOT-016066,3.086645771478111
PLOT-017104,2.903179384001618
PLOT-017792,4.025328017729044
PLOT-017877,1.8132790979772606
PLOT-016912,2.4921321372927623
PLOT-015038,3.6517922611042906
PLOT-015306,3.7973491321542805
PLOT-015006,1.6922372816554183
PLOT-017456,3.6679100792543564
PLOT-015781,3.2717027256463913
PLOT-016190,1.657646102140575
PLOT-015534,2.347944019632811
PLOT-015583,3.640593380357349
PLOT-017980,2.288918623469985
PLOT-018671,2.737347343821185
PLOT-018168,4.691916307224477
PLOT-018440,5.068235154036369
PLOT-017750,3.6588074087904783
PLOT-015316,4.46434421900199
PLOT-017197,3.462893526501007
PLOT-017414,1.3787749678376788
PLOT-017564,4.298877951551788
PLOT-016794,1.9859225527962157
PLOT-017581,3.000357801645404
PLOT-017708,4.04125116528002
PLOT-015271,2.6820721240360084
PLOT-015548,2.487852804777195
PLOT-016692,4.708629728895742
PLOT-016719,2.8774759014909943
PLOT-018451,2.021480030093533
PLOT-018464,1.802798203204151
PLOT-017390,5.453852661210846
PLOT-015598,1.9824352446479958
PLOT-016689,2.7285697913409166
PLOT-015894,3.432067568078392
PLOT-018733,1.9383084167057405
PLOT-016775,5.975907028590551
PLOT-015570,1.5228353710922453
PLOT-016999,1.0810688540870055
PLOT-017122,0.897293095035883
PLOT-015061,2.260555335523965
PLOT-016247,2.2685479923975076
PLOT-018748,6.149308962007231
PLOT-016259,2.6794600739165175
PLOT-015809,1.8916324956491306
PLOT-017292,3.6146376987114386
PLOT-016049,0.9254186986422908
PLOT-018454,2.842012571494261
PLOT-015107,3.1052411204044015
PLOT-017153,3.6141725111790355
PLOT-015673,1.972851146643368
PLOT-017690,1.3212233217843532
PLOT-017995,4.064467136311566
PLOT-015665,4.067384515590269
PLOT-015509,3.1801207586123246
PLOT-017179,2.947298943879919
PLOT-016640,1.5528409501316927
PLOT-017492,2.075215722629625
PLOT-018303,2.841110092787908
PLOT-016532,3.139364259601708
PLOT-015866,2.890878490698858
PLOT-016855,5.827824957047545
PLOT-016736,1.0901621050524335
PLOT-016060,3.852145279157241
PLOT-018536,4.5896712207360055
PLOT-017105,3.0467218783310126
PLOT-018419,0.9395557450269669
PLOT-016973,1.1570197662617638
PLOT-015589,1.807505503742562
PLOT-017996,5.258390262092333
PLOT-018263,3.0398681132487853
PLOT-015086,5.006632512547857
PLOT-018615,0.6166978327223204
PLOT-015771,2.935563787302451
PLOT-017954,4.219982474929334
PLOT-016249,3.0376773434406634
PLOT-015708,5.316289639435443
PLOT-017472,3.62627465453611
PLOT-017985,2.024698417800895
PLOT-018316,1.2732420411989713
PLOT-017586,1.7440163968933273
PLOT-016860,1.7203144347889947
PLOT-018181,3.1133430252134047
PLOT-017128,2.3257256769799146
PLOT-018305,1.921655700319048
PLOT-018177,2.2347248738258716
PLOT-015418,2.5142919532192147
PLOT-016461,2.2724262940750077
PLOT-016484,2.1229600423404884
PLOT-018609,5.676491132000011
PLOT-018465,2.748133981459458
PLOT-018600,2.91312127268723
PLOT-015851,3.9234731960300953
PLOT-016004,4.157947154037294
PLOT-016996,2.761275915603125
PLOT-016834,3.148445188838584
PLOT-017947,2.712466298782571
PLOT-015436,1.9284123289352888
PLOT-016316,4.625268208552529
PLOT-016623,3.2921043600684756
PLOT-016480,3.7566216231131033
PLOT-016648,2.2743293073083164
PLOT-016003,2.9370389975229867
PLOT-016278,1.8829657160376554
PLOT-016823,2.810921266518297
PLOT-018029,3.524570017502586
PLOT-018602,1.0473429545815458
PLOT-016836,1.6743231082829355
PLOT-018554,4.119644191984949
PLOT-017352,2.378472342619101
PLOT-017282,1.9616089075933356
PLOT-016546,2.0314467982444473
PLOT-015335,3.247291969043421
PLOT-017617,4.110292302025668
PLOT-015088,2.0104704222633143
PLOT-015874,2.157126354105367
PLOT-018285,6.498830334010908
PLOT-015543,2.5038810189290714
PLOT-016241,2.3456920532417085
PLOT-017760,4.386458124426771
PLOT-016880,4.158106284889757
PLOT-018611,4.999689050618284
PLOT-018111,3.0284388893807384
PLOT-017269,2.401575552412004
PLOT-015319,2.8453883220306717
PLOT-015519,0.918809258423009
PLOT-017903,1.5975689927444783
PLOT-015878,1.8654725755903963
PLOT-018561,2.401237880707904
PLOT-015825,2.598172002112376
PLOT-016290,1.00879364727621
PLOT-018210,2.6977667041341085
PLOT-018333,1.0029152428602262
PLOT-015138,2.993235558725585
PLOT-015163,4.822968130358601
PLOT-016618,2.325493911493673
PLOT-018539,6.453439708620335
PLOT-016791,1.9005664778848848
PLOT-016045,1.6577815306326908
PLOT-015960,2.332712830649031
PLOT-016750,3.303198384576214
PLOT-018212,1.6969228822830433
PLOT-017830,2.5242644450615037
PLOT-016504,4.313599119070123
PLOT-017889,2.25102221912806
PLOT-018692,2.0952930103186898
PLOT-016059,1.7797915178252484
PLOT-017681,4.165431688722058
PLOT-018409,0.8994720921804279
PLOT-015655,1.938764530109681
PLOT-017064,0.6276785896264537
PLOT-018603,4.526621664439809
PLOT-015137,0.8722211651486939
PLOT-017946,1.3903684143422081
PLOT-016976,1.0608253988049705
PLOT-016581,2.1427412060941684
PLOT-015697,3.8219446448307908
PLOT-016097,2.9655346779981113
PLOT-017836,2.3561742449069443
PLOT-018268,0.9705323426991098
PLOT-017453,3.8615896789188793
PLOT-017496,2.6970460984607603
PLOT-016392,2.6687431170570814
PLOT-018655,3.5982901172402717
PLOT-016266,1.4022567670793253
PLOT-017375,2.5032037167851477
PLOT-017365,1.8234453909650654
PLOT-015135,1.470299231196047
PLOT-016169,1.6502864516005786
PLOT-017574,2.6417338554812084
PLOT-017135,3.458117891014817
PLOT-016503,1.9519472858423388
PLOT-016362,2.434001493975858
PLOT-017998,2.2259867425865383
PLOT-015148,4.815872568018378
PLOT-015303,2.9286280399253095
PLOT-016017,0.7701056209470352
PLOT-016924,1.3108891797242523
PLOT-016052,4.420286863168949
PLOT-018423,2.1386405405901057
PLOT-017413,3.99797631368011
PLOT-017637,3.0949714032871407
PLOT-018262,1.9360096204138084
PLOT-016904,3.104373150927312
PLOT-018254,2.790772979448718
PLOT-015198,3.264523517832884
PLOT-016768,3.028948042067608
PLOT-017240,2.6255385840840777
PLOT-015404,2.797265786461701
PLOT-018328,2.4655431512488044
PLOT-018743,2.770710837977028
PLOT-015483,2.587226528325775
PLOT-016182,1.9156903962370093
PLOT-016339,3.335319114865833
PLOT-016280,3.2693290537652064
PLOT-016031,3.3539949896968206
PLOT-015791,4.128590013245848
PLOT-015799,5.143757122512201
PLOT-017432,2.4091333148763217
PLOT-017798,2.209041248857588
PLOT-016201,4.352632089767605
PLOT-015422,4.2621402271242355
PLOT-017362,1.23197714831434
PLOT-018716,5.704691128642249
PLOT-016883,3.6526603323214117
PLOT-018684,0.19305563933066144
PLOT-016479,4.13841350836809
PLOT-017591,2.0438743523055787
PLOT-016928,0.9574170102895897
PLOT-017710,2.2489516661000466
PLOT-018147,3.0247766475065117
PLOT-016529,4.422596309910557
PLOT-015902,2.273831787586367
PLOT-017809,3.3501530921942444
PLOT-015685,5.258876340926244
PLOT-016551,4.1164052982232855
PLOT-018438,0.862207026716043
PLOT-015159,1.081012061038739
PLOT-015999,1.7550112281911614
PLOT-018056,2.566993310255476
PLOT-018535,2.931289955365914
PLOT-017250,5.243352526093188
PLOT-017689,1.5066354446106924
PLOT-015112,0.6665821414727793
PLOT-018567,2.918778125435972
PLOT-016446,2.169474376774284
PLOT-016952,3.2695516250112586
PLOT-015922,3.38525316403163
PLOT-016624,6.649625822312523
PLOT-018228,0.6187347791153646
PLOT-017853,2.920165957736917
PLOT-016319,1.724678990416198
PLOT-016663,2.9955981870088917
PLOT-015815,3.085114271891712
PLOT-018095,1.388583348129036
PLOT-017266,2.3825802541557284
PLOT-016473,2.7829788304764564
PLOT-016773,2.3175607495237642
PLOT-015679,2.136165384891468
PLOT-018199,1.220867090842549
PLOT-016093,3.4308396547384676
PLOT-015080,0.795762784564645
PLOT-016950,1.2114861156161982
PLOT-018519,1.2646667940607108
PLOT-018075,1.0632945681855266
PLOT-018280,4.166004366695953
PLOT-017800,1.5344648439437303
PLOT-016239,4.400323573541023
PLOT-015329,2.626057324312249
PLOT-015242,2.933945462471834
PLOT-018073,4.012116774705349
PLOT-015641,0.8472332697447562
PLOT-015696,4.298032348884311
PLOT-017257,0.7908719940916212
PLOT-017818,2.5320354801434566
PLOT-015753,2.531325706896976
PLOT-015435,1.9473639147310526
PLOT-016563,2.2984117604989724
PLOT-016934,1.4503764070157719
PLOT-018457,3.177773256821698
PLOT-016712,3.02212284015524
PLOT-015551,1.5271802292939947
PLOT-018127,2.881294006184358
PLOT-018255,5.017429506889982
PLOT-015601,2.261223167658077
PLOT-016964,1.3226149023986589
PLOT-016013,1.512092086237581
PLOT-018204,4.052196208515845
PLOT-016427,1.522735393062093
PLOT-017012,2.4097490632183907
PLOT-016386,4.5521130775096355
PLOT-016295,4.477260191765225
PLOT-015466,3.8267801388960314
PLOT-016499,4.601865461326008
PLOT-018218,1.1554532418014023
PLOT-018670,4.311542572898305
PLOT-015277,2.295960460656967
PLOT-016069,2.0059793490806967
PLOT-016548,1.217659451099208
PLOT-016024,1.6252433757756497
PLOT-016465,3.2424907969605528
PLOT-017770,1.55754175195203
PLOT-015940,1.9940466832054617
PLOT-017834,5.064127247430699
PLOT-018297,1.0004604328409672
PLOT-016466,2.3755328149933277
PLOT-016323,2.5557957866815295
PLOT-017675,2.2838374525151455
PLOT-016399,5.4958277687629735
PLOT-018099,3.7477794664018713
PLOT-016449,1.6209341568953162
PLOT-015906,3.308515229733752
PLOT-018352,1.965076325881684
PLOT-017611,3.1643690423160122
PLOT-016895,3.408876131028964
PLOT-015388,3.628304502477128
PLOT-017070,3.271973124430064
PLOT-017943,3.227869748598404
PLOT-017172,3.0080483628765204
PLOT-017968,3.9656292155076036
PLOT-017821,3.346730699682748
PLOT-015880,2.072164067672671
PLOT-018425,1.2392490908884803
PLOT-015050,3.7674572486193054
PLOT-016887,1.251410342224628
PLOT-016702,1.6362581157534717
PLOT-018359,3.812135810440172
PLOT-015133,1.6721128888243169
PLOT-016105,3.1165064411619663
PLOT-015703,2.6161212037274266
PLOT-015482,5.102950575565993
PLOT-016145,3.400015160712528
PLOT-017038,4.788179708071648
PLOT-018673,1.5342547206163324
PLOT-015066,2.396480996851135
PLOT-018479,1.3766248392101137
PLOT-017781,3.318237435655017
PLOT-017313,2.05131335167002
PLOT-017849,1.5321812586835228
PLOT-018351,5.22091419044224
PLOT-015907,3.217589267337705
PLOT-015031,3.8126827353609625
PLOT-017465,2.0020201651215026
PLOT-017929,3.6624431974090945
PLOT-017680,6.588697379643833
PLOT-018551,3.029766357494915
PLOT-015010,1.563234116718835
PLOT-015064,1.0783289475828652
PLOT-015776,4.0528341095367075
PLOT-015077,3.3855615986859227
PLOT-015491,2.618237349692842
PLOT-018145,0.9225509151149712
PLOT-018273,3.949165914419018
PLOT-017580,5.3834629231167055
PLOT-017113,3.3330774340505513
PLOT-018453,0.5425490511404918
PLOT-017344,3.8092095047594436
PLOT-015591,1.402762010757304
PLOT-017815,1.3267681602602153
PLOT-016285,1.0208586188654827
PLOT-018269,3.7383993809506615
PLOT-015724,3.649353262813265
PLOT-017674,3.7368296120886035
PLOT-018142,4.535205269132989
PLOT-018708,1.014895604835587
PLOT-016212,2.2308267656335814
PLOT-018643,3.4156392769032577
PLOT-017299,3.164326080009515
PLOT-018223,1.8577099312948955
PLOT-016637,2.6496367158870155
PLOT-018581,3.8173723647012037
PLOT-018574,5.252960647910688
PLOT-018665,4.5660945512532
PLOT-015982,1.814316539428415
PLOT-015706,1.7386599786953487
PLOT-017535,3.4043163905408993
PLOT-016687,0.634389728147118
PLOT-018388,4.5396514556346625
PLOT-015273,1.4112780009323103
PLOT-016709,3.39137067259895
PLOT-018249,3.391208089813324
PLOT-018429,5.929034280040841
PLOT-015963,2.1293026683473486
PLOT-017925,1.4469746641770687
PLOT-018136,2.3971802195410197
PLOT-018573,0.7356796278147466
PLOT-018706,1.245357733650871
PLOT-017459,2.415628266621923
PLOT-018327,2.5971392621888643
PLOT-018192,3.9241400577593537
PLOT-016452,3.0831123445281783
PLOT-017715,0.5067761250219275
PLOT-015149,2.5802761179674687
PLOT-017692,2.1354997267868643
PLOT-017767,2.436356614505446
PLOT-016757,4.093643326850714
PLOT-015218,3.1674806991286037
PLOT-015239,2.2707736666089473
PLOT-016131,3.211795653929299
PLOT-018390,3.4614746585557716
PLOT-017840,3.729601059691026
PLOT-017239,4.217685596754365
PLOT-017381,1.7603352102531793
PLOT-016253,2.529876479572324
PLOT-016053,3.0523089388029487
PLOT-018010,2.8138493004359675
PLOT-016668,3.0480358967250836
PLOT-018178,2.486003092137943
PLOT-018712,2.1421074115718564
PLOT-016357,3.5589406367062213
PLOT-015775,3.0016952890931563
PLOT-017630,2.0102155696021846
PLOT-017832,2.906993938509757
PLOT-018274,2.2658147313144426
PLOT-015839,3.547166217079914
PLOT-015627,1.9156718760844718
PLOT-015323,1.4493074959098027
PLOT-018402,2.0503697581556675
PLOT-018675,1.1754387881551989
PLOT-016867,3.4658229646237646
PLOT-016160,2.3747850282511984
PLOT-017826,1.5491136688580465
PLOT-016076,1.713584900516977
PLOT-017987,0.9313722092479982
PLOT-015437,3.4441571598768324
PLOT-015119,4.13675445446076
PLOT-018306,2.5178443419927463
PLOT-018089,2.1855786392831202
PLOT-018314,3.141433210718893
PLOT-016814,3.455911852614946
PLOT-016839,3.684330550812092
PLOT-016026,2.757112571977306
PLOT-015076,2.2665022321176447
PLOT-015900,1.573463451861895
PLOT-015371,3.6015233269956552
PLOT-016204,3.640975508604188
PLOT-018186,2.811702823681791
PLOT-018736,5.354107969527304
PLOT-015941,3.6010208013287843
PLOT-017625,3.6274891963847233
PLOT-017867,1.6715393736378652
PLOT-015552,1.4405194228125824
PLOT-015406,3.7152326048619178
PLOT-017117,2.3117451595828813
PLOT-016613,2.1350678796155274
PLOT-017934,1.1246160989335117
PLOT-015968,1.9411674709303908
PLOT-017833,3.8696260666150373
PLOT-018293,1.4165783089539976
PLOT-018367,3.5596091819192344
PLOT-017349,1.9786704626507905
PLOT-016746,3.5460838442370313
PLOT-015689,2.189537625961089
PLOT-017860,2.630263244580654
PLOT-016738,2.39963469288728
PLOT-015236,4.530367391342049
PLOT-018592,7.328219568843248
PLOT-016986,2.53347537572314
PLOT-016983,2.838782687185576
PLOT-017842,3.0519890468300264
PLOT-015499,1.494334109000846
PLOT-015822,0.6775509571773652
PLOT-015794,2.925733698667999
PLOT-018278,2.931149417511365
PLOT-015990,1.8147164565563025
PLOT-015567,2.95666044339681
PLOT-017982,2.6962895452186464
PLOT-017435,2.686531389866274
PLOT-015390,3.070172384745409
PLOT-015743,4.398284366037318
PLOT-017400,2.233524631596112
PLOT-016217,4.512934820056404
PLOT-015235,3.254495689450204
PLOT-018467,5.567665720346444
PLOT-015480,3.4680868256164628
PLOT-017042,1.1524139007622982
PLOT-017615,2.1551404950222914
PLOT-016677,1.089975510853528
PLOT-018442,1.3137288046069318
PLOT-018626,2.5819808366438397
PLOT-018241,0.8003551863490472
PLOT-018318,2.738986778184158
PLOT-015120,1.432160306157225
PLOT-018487,3.854897124791923
PLOT-018072,2.342902482294688
PLOT-016272,3.41655744077172
PLOT-015926,6.273291766416672
PLOT-017563,4.005007645496407
PLOT-016594,2.364662568344457
PLOT-015223,3.3162415223596975
PLOT-015766,6.100461482957443
PLOT-015613,1.0431633317113884
PLOT-017891,3.8977569804276784
PLOT-016245,3.925396806756632
PLOT-016540,0.7752317172040198
PLOT-015052,0.5848970706141761
PLOT-015529,3.977778042486702
PLOT-017533,3.0588868174095594
PLOT-016899,2.20092584870454
PLOT-018677,2.81321701185091
PLOT-015818,2.0795900529911644
PLOT-015155,3.211361226527549
PLOT-017648,1.41653098536988
PLOT-018612,2.7429568691650035
PLOT-015248,3.9665046222249467
PLOT-015761,1.371014789174442
PLOT-016894,4.051418971932727
PLOT-017029,3.4998242384136704
PLOT-018589,3.4986622862568333
PLOT-016130,1.781285132558274
PLOT-015542,2.776824286892647
PLOT-015793,3.3363634509553872
PLOT-016725,2.1326335079084475
PLOT-018200,3.1776992713388603
PLOT-015628,1.928960900435647
PLOT-017198,5.646289691303057
PLOT-018401,5.291522499155753
PLOT-017339,3.1830903073811974
PLOT-017429,2.8309841996753757
PLOT-018579,1.909637455838689
PLOT-017734,5.143551233431181
PLOT-016367,4.810471250090473
PLOT-016620,3.310897014836188
PLOT-017945,3.5605250630084555
PLOT-018500,2.821290691787493
PLOT-017902,5.074930251922038
PLOT-016071,4.997592199769784
PLOT-015554,3.195382138090156
PLOT-016828,3.7518293391879025
PLOT-015826,4.020219096245344
PLOT-016984,2.9560134360477894
PLOT-018450,1.5921073660644909
PLOT-016837,4.346195262151552
PLOT-017939,7.030710657262823
PLOT-015535,4.412713851162594
PLOT-018361,1.3377511727554896
PLOT-017663,5.32879798483544
PLOT-015154,3.5160366620237404
PLOT-018238,3.506014497431272
PLOT-018149,2.363425022994773
PLOT-017952,4.1075122528772905
PLOT-018538,3.366752416922455
PLOT-015322,4.7307089425453865
PLOT-016710,2.6285040110371978
PLOT-015014,3.83875189348573
PLOT-016798,1.5923191934328431
PLOT-018542,2.9141526597343366
PLOT-015082,3.8965111255670717
PLOT-017560,1.9294290462695154
PLOT-016943,2.0687490289794543
PLOT-016988,1.5364078275821502
PLOT-017672,4.467407475721696
PLOT-016383,3.8906836189368463
PLOT-016574,4.023946229251792
PLOT-017977,3.035053843142037
PLOT-018392,2.2766182754680475
PLOT-017058,2.5053553576979457
PLOT-018617,2.3277826247015816
PLOT-016494,2.242465897571927
PLOT-015831,4.064555855613862
PLOT-017080,1.819785256269137
PLOT-016174,5.395656259032409
PLOT-015413,3.471709522232166
PLOT-017628,6.116227921118996
PLOT-016817,3.5509490891806412
PLOT-015165,2.513155264363577
PLOT-018236,1.0750910627091346
PLOT-018667,4.535614549000199
PLOT-015614,3.945855910248109
PLOT-018093,2.5952506235943122
PLOT-016014,3.006949896010131
PLOT-017137,2.6957044535227874
PLOT-018462,2.6446283703632347
PLOT-018452,0.8619076605837526
PLOT-017649,2.2154248956787113
PLOT-016237,1.2073893858210163
PLOT-017181,1.8602991066617105
PLOT-015555,2.8259137773094536
PLOT-018079,1.2693376392580795
PLOT-018320,4.211452257308053
PLOT-017368,2.798997534758241
PLOT-018530,0.7286512886580151
PLOT-016211,2.807169978837997
PLOT-018499,0.6206425245730363
PLOT-015634,4.323037448125556
PLOT-017600,2.816750053566474
PLOT-016055,3.4629112803868303
PLOT-017340,4.067607231981959
PLOT-016708,2.586454080032146
PLOT-015796,2.318335707730204
PLOT-017990,5.644614480910397
PLOT-018471,1.8833232649872556
PLOT-015174,0.9711803983736293
PLOT-017814,2.2707451536151195
PLOT-015245,3.220830195194269
PLOT-016080,3.130527862455954
PLOT-016654,4.0547732990870715
PLOT-018711,3.1822463606385125
PLOT-015144,3.7756744445364725
PLOT-015145,4.712308443822936
PLOT-015090,0.9537708009309106
PLOT-015682,1.1441586358136007
PLOT-015310,1.8749747394227767
PLOT-015093,1.2112805718213453
PLOT-018322,1.8932094343243981
PLOT-016956,2.705036231026711
PLOT-015924,5.77421753771619
PLOT-018448,4.17369531911088
PLOT-016909,1.6088111424769553
PLOT-016035,7.9065673761991215
PLOT-016400,1.7407257023185243
PLOT-017291,3.741309069717725
PLOT-016500,2.693016350711896
PLOT-018159,2.570173557384996
PLOT-017262,3.458786393789548
PLOT-016468,1.0656815442279148
PLOT-015998,2.03722180719975
PLOT-015853,3.2739178196129584
PLOT-017473,0.965192600759671
PLOT-017204,6.660873907409475
PLOT-016142,2.123577835288864
PLOT-016143,2.6255334912344224
PLOT-017274,0.5526785117588902
PLOT-017944,3.5360144468068113
PLOT-017048,3.4380443790976063
PLOT-015401,2.5349455624087995
PLOT-016103,3.197713470999504
PLOT-015084,5.328158322138012
PLOT-017210,2.0846617589705088
PLOT-018620,1.1351750404205765
PLOT-015114,2.184104617777527
PLOT-017718,2.6303157291676915
PLOT-018222,2.0367998166656367
PLOT-018276,5.676764929633483
PLOT-016585,3.380667780342816
PLOT-016567,2.0462728676240856
PLOT-017937,2.922689515576963
PLOT-016501,1.9659993416324442
PLOT-016660,4.17682489068317
PLOT-016556,2.803676330927263
PLOT-017007,1.15173735091689
PLOT-015625,3.4417249152977307
PLOT-016885,1.1146443210765562
PLOT-018722,4.592174033498155
PLOT-016866,3.702109629960277
PLOT-015952,3.6385154325418103
PLOT-017855,3.891567112872841
PLOT-017306,0.9031465445789036
PLOT-015624,1.7240797315329466
PLOT-017874,2.5319874861200193
PLOT-015234,4.3828556380556725
PLOT-017183,2.3822589127141716
PLOT-017664,4.654143851055711
PLOT-018267,2.5293052241526985
PLOT-017884,3.327603678138139
PLOT-017890,2.0335952228790113
PLOT-017034,1.1932818970439292
PLOT-018007,3.2252486150889954
PLOT-016826,4.494934451977702
PLOT-018571,2.0819361369388183
PLOT-017640,2.964122040050567
PLOT-016314,0.9917033265619746
PLOT-016525,4.182553509329707
PLOT-016562,2.7003728460748646
PLOT-016752,2.132924232273017
PLOT-016605,5.610286059430388
PLOT-015343,2.194426414852392
PLOT-018726,1.4469946498458923
PLOT-017341,2.0365978978160486
PLOT-017412,4.549646897903589
PLOT-017226,1.6874747039065763
PLOT-017707,5.015579823386873
PLOT-015996,2.9981204650481965
PLOT-017062,2.541796703073155
PLOT-016110,1.170507608778335
PLOT-017213,1.923306688058571
PLOT-018203,0.7597626604726408
PLOT-016359,2.366608292535568
PLOT-017107,1.8557330943707557
PLOT-015709,4.321186021806738
PLOT-016878,1.191867601732487
PLOT-017724,4.470445118417182
PLOT-016378,3.252526063214838
PLOT-017828,2.479728028269511
PLOT-015424,2.9636547398222306
PLOT-015292,4.487704676080935
PLOT-016065,5.325171113383597
PLOT-017921,6.208429736308424
PLOT-017377,2.44490488704442
PLOT-016638,2.979348192327811
PLOT-017477,2.688606662186051
PLOT-016012,2.0493594798755033
PLOT-017127,2.8194463706327566
PLOT-016717,2.7718691336920016
PLOT-018100,4.542303008133275
PLOT-015937,2.012475346483512
PLOT-015834,1.303449725462709
PLOT-017797,1.5615746019490313
PLOT-017938,2.747487304131998
PLOT-015254,2.898455540877589
PLOT-018495,3.376311596012033
PLOT-016482,2.8723830803498607
PLOT-018721,2.326378661216812
PLOT-016407,1.8518772957159018
PLOT-018156,2.9762161706616723
PLOT-018649,2.118056712874852
PLOT-017184,2.591697108014557
PLOT-018183,2.8750011183284636
PLOT-018266,1.7625703903594363
PLOT-017900,2.0789723722198397
PLOT-018250,3.609203856369329
PLOT-015723,5.2187449206183905
PLOT-017907,2.524102081032145
PLOT-015969,4.51281321516019
PLOT-015496,1.8771179468615227
PLOT-015950,1.519843574652582
PLOT-015805,1.9018719205389125
PLOT-016829,2.299120945461111
PLOT-017177,0.65437685970577
PLOT-016739,2.3557310078154297
PLOT-015337,1.3633247367600028
PLOT-015730,2.2756908954916417
PLOT-015608,0.4157276576399069
PLOT-016148,3.3546905653510115
PLOT-017243,0.7697681313488539
PLOT-018298,0.9330223912445631
PLOT-016713,3.8320610335074976
PLOT-018340,0.8235656312241598
PLOT-018738,2.5618449541549873
PLOT-015909,2.5895523004468854
PLOT-017632,3.2136118331898365
PLOT-017151,2.279650447372295
PLOT-017010,2.3372541311967137
PLOT-017491,3.1850168820457174
PLOT-018631,2.763913380680828
PLOT-016810,3.6454798511337283
PLOT-016994,1.1947264871841712
PLOT-015719,2.4678971988047538
PLOT-017932,1.9200322949194675
PLOT-017824,1.025201190922179
PLOT-016569,2.1578390574765445
PLOT-017897,2.270404835371748
PLOT-017942,0.9601068748294854
PLOT-017275,2.5013008920444264
PLOT-015434,1.7566111916065494
PLOT-016299,2.019865790856405
PLOT-017174,3.5540477675042452
PLOT-015405,1.9893260004163618
PLOT-017823,2.931994360646251
PLOT-015821,3.5140329953802913
PLOT-017759,1.7481673637175004
PLOT-016789,1.6227433098811823
PLOT-018674,4.484587031656573
PLOT-018108,2.7965684152388377
PLOT-018211,4.558655269832858
PLOT-017351,2.0799652051438886
PLOT-017315,1.5403049717015138
PLOT-016858,5.426625681352042
PLOT-016557,1.9061112851501436
PLOT-015545,2.760743565187297
PLOT-015212,2.5347976277546396
PLOT-015896,3.890302068259139
PLOT-018270,1.9714263697437073
PLOT-016941,2.408486402708147
PLOT-016891,3.480755787738779
PLOT-015916,3.3456252921317198
PLOT-017723,2.4335453436542034
PLOT-016289,1.0897384871954074
PLOT-015814,5.693257534476622
PLOT-016265,1.4325372043542488
PLOT-015342,1.5328805389145108
PLOT-017597,2.7475851129332582
PLOT-016410,3.1702121461854964
PLOT-016214,3.3019850834383955
PLOT-015966,4.785451478948481
PLOT-016230,3.3787716776713017
PLOT-017343,2.3706975137161015
PLOT-015695,3.0621723014460684
PLOT-017121,2.4755801056264626
PLOT-015605,3.094534225001715
PLOT-015104,3.0204146002559766
PLOT-015645,2.0335733187101197
PLOT-016404,2.5852843754227095
PLOT-015494,2.509360896149424
PLOT-018088,2.15066817125645
PLOT-017487,2.8421990224495617
PLOT-016019,3.758530729649227
PLOT-015091,5.012568987193347
PLOT-016112,2.550301281362435
PLOT-018741,3.8999565611481666
PLOT-015908,2.505607985334764
PLOT-016474,3.241174153783153
PLOT-016741,3.2583451454570302
PLOT-017150,1.911182222721239
PLOT-015238,3.131349541257968
PLOT-018466,2.6980954916084916
PLOT-015942,2.4991558876715407
PLOT-016270,2.4315274446057953
PLOT-015938,1.9146689428690677
PLOT-016424,4.989712463292691
PLOT-018229,0.8010375191448215
PLOT-016862,2.0265453016454904
PLOT-016669,2.3267703838174194
PLOT-015005,1.7863414827374413
PLOT-015247,3.2205346202787006
PLOT-018013,4.101473854316325
PLOT-015018,2.1426037360766497
PLOT-017169,2.0760305087719013
PLOT-016970,3.407513086582309
PLOT-017709,1.9932395684706092
PLOT-017232,3.4631149636911025
PLOT-017322,1.2338325671359813
PLOT-017481,4.352969835231384
PLOT-015811,2.188409306469127
PLOT-016300,1.6032736920486632
PLOT-016335,1.6470016746926328
PLOT-018632,3.541716696685416
PLOT-015260,3.5701192937933706
PLOT-016804,3.2175232327430217
PLOT-016570,3.661870194363552
PLOT-017229,3.9486137885246135
PLOT-015184,0.9663792113546473
PLOT-017454,3.2993954753674686
PLOT-016743,2.4896441772393763
PLOT-017913,2.780646574288536
PLOT-016630,3.41565465502813
PLOT-016716,0.9948011592179574
PLOT-015520,1.2814208373959324
PLOT-018051,2.7574042445714806
PLOT-017428,2.9628079348720777
PLOT-017016,5.335862240679257
PLOT-016658,3.3750733894271923
PLOT-018441,3.901762823576554
PLOT-016612,2.124978975366285
PLOT-017475,1.8935484074547575
PLOT-017126,4.313279144543202
PLOT-018057,0.9510982796885338
PLOT-018734,2.95315734892664
PLOT-015607,7.494046545231489
PLOT-015230,3.719375907821534
PLOT-018140,1.4554084966186178
PLOT-015331,2.01630114794163
PLOT-018105,1.3548473141430648
PLOT-016440,2.1766858518145753
PLOT-016927,2.2039458457591166
PLOT-016091,1.5828936610902216
PLOT-016101,4.323460652442935
PLOT-016129,3.4951589233992664
PLOT-018283,2.103534003372667
PLOT-015461,1.793483933872757
PLOT-015958,1.5805089761090045
PLOT-016662,1.7511965228091928
PLOT-015559,2.536382362352782
PLOT-017894,4.365115487486611
PLOT-017738,0.6710709195867792
PLOT-018526,2.452771190330214
PLOT-016519,1.2387631295438288
PLOT-017140,3.292199080028104
PLOT-018630,2.191584579378616
PLOT-017032,5.068264253799529
PLOT-017484,2.8124645072768777
PLOT-017538,0.7216614877674868
PLOT-017097,1.2879937804226702
PLOT-018435,3.09182822284776
PLOT-018565,1.8403359768002694
PLOT-015069,3.8259241117594094
PLOT-016572,2.0841569577216057
PLOT-015808,1.497293275983207
PLOT-018232,2.310470201873593
PLOT-015011,0.6580994508718802
PLOT-017025,3.655231103536223
PLOT-017192,2.1971857368225756
PLOT-015917,2.96397526892494
PLOT-016451,3.361924521495078
PLOT-017687,3.6058419907700237
PLOT-015176,2.5416074063235796
PLOT-015994,2.504487011789575
PLOT-017488,3.286952471813243
PLOT-017569,4.438032586999742
PLOT-018740,4.022882812499336
PLOT-018052,3.783339703666007
PLOT-016255,2.93600848842502
PLOT-018282,4.060831156511297
PLOT-016664,2.2249532649192356
PLOT-017191,4.027955908254255
PLOT-017801,1.1014161079934686
PLOT-017567,2.233183058871351
PLOT-018370,1.5342246566780924
PLOT-017870,1.749988226106386
PLOT-016790,2.9064451408676035
PLOT-017476,5.393027776120974
PLOT-017660,1.3423864116668978
PLOT-018080,2.472819248089322
PLOT-015156,4.268742727064142
PLOT-017587,3.3910430898765043
PLOT-016460,2.2390099421679763
PLOT-017046,1.9634953870889582
PLOT-018338,1.5499803433488288
PLOT-016850,1.567774390687128
PLOT-017509,0.1390864160245192
PLOT-017624,4.191027182851356
PLOT-018410,3.3829324158032996
PLOT-017303,3.116594413802116
PLOT-018027,1.8306108584422989
PLOT-017005,5.081578480316921
PLOT-016185,2.197571249411081
PLOT-016006,1.0742089403262771
PLOT-015560,5.2753010473373685
PLOT-017256,2.4776754371595917
PLOT-015910,4.591090319800293
PLOT-016311,5.715387591914396
PLOT-017049,3.5875680767970164
PLOT-018413,2.5672563008369456
PLOT-015269,2.4027599740248085
PLOT-016993,3.880367245186073
PLOT-015265,2.376835283756329
PLOT-015914,2.814694879424494
PLOT-017278,3.459740984086984
PLOT-017231,1.4769011951197248
PLOT-018167,3.0817021539939877
PLOT-018732,3.13038090867747
PLOT-017912,2.5885412516901183
PLOT-018114,3.5129679174427495
PLOT-015873,3.516457871425267
PLOT-017093,1.884481120558903
PLOT-017446,2.367720856815934
PLOT-015475,2.3903601823591143
PLOT-016652,2.951910766023088
PLOT-016960,5.1490743523572435
PLOT-015045,3.1211824047584833
PLOT-015161,4.777077823990052
PLOT-018039,3.2969940956948065
PLOT-017775,1.96755029324799
PLOT-017677,1.9916108216006838
PLOT-015288,2.103547038058324
PLOT-018107,2.7863981150954875
PLOT-018718,0.7903186409326945
PLOT-016948,2.127956989673824
PLOT-015575,4.231063309549875
PLOT-015850,2.500277490178298
PLOT-018387,4.1798789650492365
PLOT-015911,1.969817898707867
PLOT-016254,6.031452244356333
PLOT-016833,1.7077461939922352
PLOT-016722,2.199470252859921
PLOT-017133,1.521460023782658
PLOT-016735,3.9408403138002397
PLOT-015932,3.1554725412367555
PLOT-016100,3.9468351434347313
PLOT-016207,2.026202632406356
PLOT-017295,1.1224996107307545
PLOT-016843,0.6436347261016344
PLOT-016848,2.6169340367349045
PLOT-017524,3.467394280455613
PLOT-016694,3.0721345766689425
PLOT-015085,3.1595283292249055
PLOT-015469,4.654247165750601
PLOT-017273,0.6352792466553391
PLOT-017822,3.9794636783283526
PLOT-017379,2.9380238658986375
PLOT-015233,3.0745451089464257
PLOT-017636,1.1591439675013142
PLOT-017523,2.3483743724544044
PLOT-018332,3.7476895716346785
PLOT-018699,2.0074219101042248
PLOT-017647,3.7022203667818396
PLOT-017469,2.578308161553069
PLOT-016711,2.4151392038021493
PLOT-015182,0.5678211092094372
PLOT-015988,3.416781898682371
PLOT-016000,2.3586881142929355
PLOT-016641,1.6762460026330663
PLOT-016356,3.0908392638615907
PLOT-016462,1.6635075677212128
PLOT-015049,2.1619294247243177
PLOT-018637,0.9865042098722887
PLOT-018077,1.3578924290953875
PLOT-017577,3.946747235107507
PLOT-016258,1.399327093213116
PLOT-015486,3.856337666712435
PLOT-018715,1.1866242228484238
PLOT-017545,2.9019679150132305
PLOT-016908,3.284802420408576
PLOT-015106,2.332506060038263
PLOT-015443,5.366075740338499
PLOT-016954,4.279305914072735
PLOT-018560,2.783567469942278
PLOT-015646,2.960674911607563
PLOT-018084,4.008308944986262
PLOT-016762,0.8342898169397959
PLOT-015726,3.048915212276293
PLOT-017238,1.4911324276918838
PLOT-016856,3.0171713362722543
PLOT-017330,4.60117559066075
PLOT-015029,1.0495055092282224
PLOT-015169,3.692431473038159
PLOT-016001,2.250555151881226
PLOT-018252,2.4629234061548066
PLOT-017148,2.284053366982819
PLOT-015197,1.6976711778227673
PLOT-015495,2.962324117460633
PLOT-017026,2.3562707574929567
PLOT-015647,1.8136368946971986
PLOT-018035,1.1641967403405515
PLOT-015044,5.272597320902911
PLOT-017758,2.9102291457496356
PLOT-015373,2.3972411321270513
PLOT-015678,3.326661207689299
PLOT-015566,4.935747251937878
PLOT-017895,2.0870444801531383
PLOT-015460,3.245817449085779
PLOT-016932,2.502350244335032
PLOT-018485,1.5731152420869923
PLOT-016155,3.067360634991896
PLOT-015039,2.2698794112002485
PLOT-017482,1.3823724698253639
PLOT-015973,3.0593351435885046
PLOT-018287,1.2378550437591
PLOT-018055,3.803255598577426
PLOT-018627,1.2058635978858452
PLOT-018638,2.1794808332945816
PLOT-016786,1.276656328195985
PLOT-016498,2.7275357849339232
PLOT-017504,4.591419365965688
PLOT-016835,3.4941205399598454
PLOT-017308,1.8201307268572615
PLOT-016840,1.8415106045210254
PLOT-017083,3.6504440833530483
PLOT-015827,4.769811457485085
PLOT-016935,2.762311843826265
PLOT-017044,5.512903790908456
PLOT-015309,1.6635918395528697
PLOT-015276,2.775468659473413
PLOT-015636,4.095040656291979
PLOT-015654,3.0163794717483596
PLOT-015622,2.9305517416087152
PLOT-016859,3.1696652313029925
PLOT-015844,3.8409030298767917
PLOT-015393,3.6552087815190806
PLOT-017155,6.353807995802403
PLOT-015349,2.143626836528979
PLOT-017572,1.2795183732075468
PLOT-015784,1.8881387674996843
PLOT-015047,3.2799719958665228
PLOT-016978,3.739294476125916
PLOT-017251,3.779299160320468
PLOT-018651,3.301143793400614
PLOT-016655,3.191435328466589
PLOT-017069,3.519167360206238
PLOT-015402,2.7891862604945246
PLOT-016107,2.381673804509268
PLOT-016154,4.054930401057023
PLOT-016439,3.5492174706795914
PLOT-018749,1.8091967799963535
PLOT-017001,4.069721057441519
PLOT-015989,1.7363607502790428
PLOT-016865,2.6566849467350795
PLOT-017789,3.3829283289237626
PLOT-016310,1.7975450512525804
PLOT-018195,1.9268049781368513
PLOT-015033,1.2834829077684584
PLOT-015787,3.2742589164749027
PLOT-018588,5.248779507324631
PLOT-017971,1.9130856130288716
PLOT-016043,3.138550896237283
PLOT-015481,2.32099816566964
PLOT-016243,3.3527168951600106
PLOT-017627,1.4602607749929952
PLOT-017529,0.552021272195146
PLOT-015931,1.9768455217992997
PLOT-017404,2.504622129758947
PLOT-016685,1.2264004790053649
PLOT-016248,1.5166484840008596
PLOT-015759,2.608899638222971
PLOT-015092,3.341834788663786
PLOT-016175,1.992671464229955
PLOT-016415,2.329435297274267
PLOT-016341,2.295111865791687
PLOT-016472,2.429867375164197
PLOT-017851,1.235062842615521
PLOT-017793,2.3481407634586713
PLOT-018594,2.4151382252125155
PLOT-017327,2.4129128541593694
PLOT-016607,4.0665215993778725
PLOT-015764,1.5876745272727415
PLOT-017652,4.343362024201
PLOT-018747,3.3018022811747136
PLOT-016373,2.8476453484830313
PLOT-016951,2.6248507866037616
PLOT-018446,2.503771428336678
PLOT-017448,1.9736665212445894
PLOT-016728,0.6814599787310978
PLOT-015257,2.2816195269671704
PLOT-015944,1.5632507477201512
PLOT-018144,1.5082149008916743
PLOT-016219,2.8307555600799628
PLOT-018555,5.0419096756767905
PLOT-016161,1.3005540589775815
PLOT-017542,5.046584242931547
PLOT-015772,1.2394029954103962
PLOT-017598,4.92896899758282
PLOT-016486,2.1149254786291216
PLOT-017249,3.3185092864744203
PLOT-015312,0.9414085740872467
PLOT-015290,2.2253637338287615
PLOT-018261,1.8406593314458966
PLOT-015763,1.2995711736808766
PLOT-018184,1.4317363125951617
PLOT-017997,4.474216255865447
PLOT-015183,1.6872414591435312
PLOT-016176,1.244406477905898
PLOT-016349,3.626048966543645
PLOT-018116,1.7787839648462436
PLOT-018516,2.3286349541001923
PLOT-018078,5.862819564479902
PLOT-017298,3.8562657176793778
PLOT-017871,1.6007910893361958
PLOT-016099,2.606697419566111
PLOT-018584,3.685248852666811
PLOT-017988,0.9193858693529199
PLOT-015391,0.7200916688395261
PLOT-016919,3.234474187449519
PLOT-016456,1.3115929703593499
PLOT-016092,2.7144031489977007
PLOT-017022,1.8567456146332408
PLOT-018239,4.223917212575826
PLOT-015904,2.283871106348306
PLOT-017778,2.8332369438446885
PLOT-017602,3.6434195429929797
PLOT-015366,4.463517785411384
PLOT-015345,3.240175158840871
PLOT-018656,2.1640459710224085
PLOT-017583,2.530043161223592
PLOT-018470,2.446475193801769
PLOT-018257,2.2009193308442674
PLOT-016372,2.5767955172334545
PLOT-016639,4.701328125406774
PLOT-015919,3.12557549258804
PLOT-015211,2.5273836577663595
PLOT-016603,2.5949335456045106
PLOT-017550,3.9913100103914356
PLOT-015537,3.2965294987475446
PLOT-016220,3.0688721171771665
PLOT-015175,0.9261582822332505
